/*******************************************************************************
 * Size: 16 px
 * Bpp: 4
 * Opts: --size 16 --bpp 4 --format lvgl --font /Users/jiangmiao/Library/Fonts/SourceHanSansCN-Regular.ttf -r 0x20-0x7e --symbols ·上下不个中为主亮从仪件位低体保信关到动卡压发取可启告回固图在型备多失媒存已度开式录待态息扫找接描文断新无未机档检模正水油测消清温源滑牙状独现用电立等置联胎蓝表视警记设读败资赛车转近返连速道重量附除面音页频题加满约 --lv-include lvgl.h --lv-font-name ui_font_Chinese16 -o main/export_path/fonts/ui_font_Chinese16.c
 ******************************************************************************/

#ifdef LV_LVGL_H_INCLUDE_SIMPLE
#include "lvgl.h"
#else
#include "lvgl.h"
#endif

#ifndef UI_FONT_CHINESE16
#define UI_FONT_CHINESE16 1
#endif

#if UI_FONT_CHINESE16

/*-----------------
 *    BITMAPS
 *----------------*/

/*Store the image of the glyphs*/
static LV_ATTRIBUTE_LARGE_CONST const uint8_t glyph_bitmap[] = {
    /* U+0020 " " */

    /* U+0021 "!" */
    0x2f, 0x43, 0x0, 0xe1, 0x7, 0x0, 0xe1, 0x0,
    0xe3, 0x8, 0x10, 0x40, 0x5c, 0x81, 0xe,

    /* U+0022 "\"" */
    0x8f, 0x6, 0xf1, 0x1, 0x0, 0xde, 0x60, 0x40,
    0x24, 0x20, 0xe2, 0xf, 0x60, 0x4c, 0x0,

    /* U+0023 "#" */
    0x0, 0xb8, 0x1, 0x48, 0x1, 0x11, 0x0, 0xe,
    0xa0, 0x13, 0x30, 0x0, 0x62, 0x0, 0xfb, 0x5f,
    0xf0, 0xfa, 0x87, 0xbc, 0xfe, 0x27, 0xa8, 0x0,
    0x88, 0xc, 0x20, 0x19, 0x9c, 0x8, 0x80, 0x5,
    0xe3, 0xde, 0x87, 0xe0, 0x5f, 0xf, 0xf2, 0x57,
    0x80, 0x44, 0x22, 0x77, 0x8, 0x0, 0x98, 0x0,
    0x46, 0x1, 0x31, 0x0, 0x4, 0x40, 0x0,

    /* U+0024 "$" */
    0x0, 0xde, 0x1, 0xe1, 0x2, 0x0, 0xcf, 0xc1,
    0xb4, 0x0, 0x48, 0x9f, 0xd6, 0x40, 0xc2, 0x60,
    0x2c, 0x40, 0x1, 0x80, 0x7a, 0xc6, 0xc4, 0x3,
    0x1d, 0x2f, 0x38, 0x6, 0x5f, 0x68, 0xc0, 0xc,
    0x33, 0x47, 0x0, 0x1c, 0xa8, 0x80, 0x10, 0xe,
    0x70, 0xc9, 0x20, 0x54, 0xd0, 0xe5, 0xdf, 0xa7,
    0x60, 0x3c, 0xd0, 0xe8, 0x0, 0xc4, 0x2, 0x0,

    /* U+0025 "%" */
    0x3, 0xde, 0xa0, 0xc, 0x58, 0x1, 0xdb, 0x3c,
    0x30, 0x1, 0x4c, 0x0, 0x64, 0x34, 0xf, 0x50,
    0x2, 0x2, 0x0, 0x61, 0x10, 0x1, 0x8c, 0x1,
    0x10, 0x0, 0xe6, 0x10, 0x3, 0x18, 0x2b, 0x15,
    0xf5, 0x0, 0xc, 0xca, 0x1f, 0x41, 0x10, 0xb3,
    0xe0, 0x80, 0x6, 0xcf, 0x13, 0xb2, 0x12, 0xc8,
    0x43, 0x0, 0xf, 0x3a, 0x42, 0xe0, 0x80, 0x40,
    0x84, 0x3, 0xcf, 0x42, 0x1, 0xff, 0xd, 0x38,
    0x10, 0x8, 0x10, 0x80, 0x74, 0x58, 0x4, 0x92,
    0x16, 0xe0, 0x18, 0x91, 0x80, 0x2a, 0x4e, 0x28,
    0x0,

    /* U+0026 "&" */
    0x0, 0xab, 0xf5, 0x0, 0x3d, 0x2d, 0xb7, 0x60,
    0xf, 0x25, 0x13, 0x80, 0x80, 0x70, 0xf0, 0x41,
    0x88, 0x7, 0x22, 0xd2, 0x68, 0x7, 0xb4, 0x9b,
    0x4, 0x0, 0xc4, 0xb, 0x48, 0x66, 0x0, 0x1c,
    0x98, 0xd4, 0x5a, 0x78, 0x84, 0xa0, 0xb8, 0x38,
    0x50, 0xe2, 0xaa, 0x40, 0xc0, 0xc0, 0x74, 0x69,
    0x48, 0x14, 0xb9, 0x4d, 0x8c, 0x96, 0x8c, 0x31,
    0xef, 0x2e, 0xb7, 0x5, 0x80,

    /* U+0027 "'" */
    0x8f, 0x1, 0xf3, 0x21, 0x7b,

    /* U+0028 "(" */
    0x0, 0xf4, 0x40, 0x5, 0xe4, 0x19, 0x44, 0x2b,
    0xc0, 0x49, 0x1, 0x4, 0x40, 0x64, 0x0, 0xe7,
    0x0, 0x78, 0x4, 0x2e, 0x0, 0x32, 0x0, 0x20,
    0x88, 0x4, 0x90, 0x1, 0x5e, 0x0, 0x65, 0x20,
    0x17, 0xa0, 0x4, 0x40,

    /* U+0029 ")" */
    0x1, 0x0, 0xf, 0x80, 0x5, 0x1c, 0x1, 0x32,
    0x0, 0x18, 0x20, 0x1, 0x30, 0x1, 0xa6, 0x0,
    0x26, 0x0, 0x9, 0x80, 0x78, 0x4c, 0x0, 0x4c,
    0x0, 0xd3, 0x0, 0x26, 0x2, 0x2, 0x7, 0x48,
    0xa, 0x38, 0xf, 0x0, 0x0,

    /* U+002A "*" */
    0x0, 0x59, 0x80, 0x14, 0xd9, 0x8a, 0x25, 0xa5,
    0x5c, 0x6e, 0xc2, 0x2b, 0x21, 0x6c, 0x47, 0x1,
    0xf2, 0xa7, 0x0,

    /* U+002B "+" */
    0x0, 0xc6, 0x1, 0xf1, 0x60, 0x7, 0xff, 0x29,
    0x7f, 0xda, 0x1f, 0xf2, 0x2e, 0xea, 0xc3, 0x76,
    0x40, 0x22, 0x30, 0x11, 0x40, 0x1f, 0xfc, 0x70,

    /* U+002C "," */
    0x0, 0xe9, 0xf3, 0x1, 0x4, 0x8, 0x51, 0x4,
    0x43, 0x84, 0xe8, 0x86, 0x98, 0x0,

    /* U+002D "-" */
    0x4f, 0xfb, 0x13, 0x76, 0xe0,

    /* U+002E "." */
    0x2, 0xb, 0xd2, 0x20, 0x98,

    /* U+002F "/" */
    0x0, 0xc7, 0xc0, 0x1c, 0x8e, 0x1, 0xd7, 0xa0,
    0x18, 0x49, 0x0, 0x33, 0xa0, 0x7, 0x6f, 0x80,
    0x61, 0x45, 0x0, 0xc8, 0x80, 0xe, 0xfd, 0x0,
    0xe5, 0x70, 0xc, 0x86, 0x20, 0x1b, 0x6c, 0x3,
    0x9d, 0x40, 0x31, 0x98, 0x80, 0x35, 0xa8, 0x7,
    0x75, 0x0, 0x70,

    /* U+0030 "0" */
    0x0, 0x26, 0xfe, 0x18, 0x4, 0x76, 0xb8, 0xd8,
    0x20, 0x8, 0x38, 0x3a, 0x28, 0x0, 0x25, 0x0,
    0x4a, 0x80, 0x40, 0x40, 0x17, 0x10, 0x8, 0x38,
    0x4, 0x60, 0x20, 0x1f, 0xc2, 0xe, 0x1, 0x18,
    0x9, 0x1, 0x0, 0x5e, 0x40, 0x4, 0xa0, 0x9,
    0x10, 0x0, 0x83, 0x83, 0xa2, 0x80, 0x1, 0xda,
    0xe3, 0x60, 0x80,

    /* U+0031 "1" */
    0x4, 0x9f, 0x70, 0xa, 0x50, 0x3, 0xb7, 0x40,
    0x1f, 0xfe, 0x92, 0x33, 0x7, 0x19, 0xaf, 0x30,
    0xd, 0x9c,

    /* U+0032 "2" */
    0x1, 0xae, 0xe5, 0x90, 0x0, 0x7c, 0x6a, 0xdb,
    0x0, 0x3, 0x76, 0x45, 0xf1, 0x50, 0x2, 0x80,
    0x44, 0x4, 0x1, 0xe1, 0x2, 0x0, 0xf3, 0x82,
    0x0, 0x70, 0xc3, 0x88, 0x7, 0x51, 0xc0, 0x7,
    0x4a, 0x78, 0x7, 0x43, 0x61, 0x0, 0x69, 0x78,
    0x3, 0x38, 0x11, 0x82, 0x33, 0x30, 0x80,

    /* U+0033 "3" */
    0x1, 0xae, 0xfc, 0x40, 0x6, 0xd, 0x5b, 0xd9,
    0x86, 0x5a, 0x22, 0xc2, 0xc0, 0x40, 0x3b, 0xc0,
    0x31, 0xd9, 0x30, 0x0, 0xbf, 0x1b, 0xc4, 0x0,
    0x59, 0x4d, 0x84, 0x1, 0x1a, 0xd9, 0x48, 0x7,
    0x91, 0x0, 0xa0, 0x18, 0xc9, 0x2a, 0x88, 0x8a,
    0x48, 0x4c, 0x1a, 0xb6, 0xa5,

    /* U+0034 "4" */
    0x0, 0xc5, 0xfa, 0x1, 0xe9, 0x0, 0xf9, 0x10,
    0xa0, 0x1e, 0x96, 0x20, 0xe, 0x73, 0x81, 0x0,
    0xc3, 0x10, 0x10, 0xe, 0xb3, 0x60, 0xe, 0x45,
    0xe0, 0xf, 0x70, 0x6f, 0xf9, 0x8b, 0xda, 0x33,
    0x32, 0x96, 0x39, 0x19, 0xf0, 0x18, 0x80, 0x7f,
    0x0,

    /* U+0035 "5" */
    0x4, 0xff, 0xe7, 0x0, 0x8, 0x5d, 0xe5, 0x0,
    0x18, 0xa2, 0x62, 0x0, 0x9, 0x80, 0x7d, 0xc7,
    0x9d, 0x8a, 0x1, 0x62, 0x46, 0xad, 0x28, 0x1,
    0x69, 0xe, 0x4e, 0x0, 0x3e, 0x42, 0x0, 0xff,
    0x90, 0x3, 0x2a, 0x2, 0x5c, 0xa2, 0x2c, 0xa0,
    0x12, 0xca, 0xac, 0x30, 0xc0,

    /* U+0036 "6" */
    0x0, 0xa3, 0xbe, 0xc8, 0x2, 0xc5, 0x8b, 0x2b,
    0x0, 0x31, 0x63, 0x24, 0xc8, 0x1, 0x4c, 0x20,
    0x1e, 0x3d, 0x8e, 0xd8, 0x0, 0x8, 0x58, 0xec,
    0x3c, 0x0, 0x4d, 0x26, 0xb0, 0xe0, 0x21, 0xc0,
    0x12, 0x0, 0x81, 0x78, 0x4, 0xe0, 0x12, 0xb8,
    0x5, 0x82, 0x20, 0x90, 0xa3, 0x57, 0x80, 0x0,
    0xe0, 0xe5, 0xc3, 0x0,

    /* U+0037 "7" */
    0x3f, 0xff, 0x84, 0xee, 0xf8, 0x90, 0x41, 0x13,
    0x9, 0x50, 0x7, 0xa2, 0x2, 0x1, 0xc8, 0x4e,
    0x1, 0xef, 0x50, 0xf, 0x93, 0xc0, 0x3c, 0x80,
    0xe0, 0x1e, 0x30, 0x20, 0xf, 0x69, 0x0, 0x7c,
    0x22, 0x0, 0xf9, 0xdc, 0x1, 0x80,

    /* U+0038 "8" */
    0x0, 0x2e, 0xfe, 0xb0, 0x4, 0x95, 0x7b, 0x72,
    0xa0, 0xe, 0x46, 0x26, 0x5f, 0x0, 0x18, 0x6,
    0x20, 0xa, 0x91, 0x80, 0xb, 0xc0, 0x3, 0x99,
    0x65, 0xaa, 0x0, 0xe, 0x25, 0x15, 0x4, 0x1,
    0xb0, 0xd1, 0xe3, 0x40, 0x62, 0xe0, 0x1, 0x84,
    0x11, 0x1, 0x0, 0x46, 0x0, 0x24, 0xd4, 0x14,
    0x85, 0x10, 0xb6, 0xae, 0x96, 0xa0,

    /* U+0039 "9" */
    0x0, 0x4f, 0x72, 0x84, 0x1, 0x4f, 0x74, 0x38,
    0x2, 0xb6, 0xa9, 0x66, 0xea, 0x8, 0x1, 0x35,
    0xb0, 0x10, 0x5, 0xe4, 0x54, 0x8, 0x34, 0x88,
    0x7b, 0xf7, 0xe4, 0x80, 0xb, 0x3b, 0xeb, 0xc8,
    0x2, 0x10, 0x2, 0x20, 0x3, 0x8c, 0xda, 0x19,
    0x28, 0xda, 0xa8, 0x1e, 0xb7, 0xd, 0x40,

    /* U+003A ":" */
    0x9e, 0x12, 0x13, 0xbd, 0x20, 0x20, 0xf, 0xc4,
    0x17, 0xa4, 0x41, 0x30,

    /* U+003B ";" */
    0x9, 0xe1, 0x2, 0x13, 0xb, 0xd2, 0x0, 0x10,
    0x7, 0xff, 0xa, 0x7c, 0xc0, 0x41, 0x2, 0x14,
    0x41, 0x10, 0xe1, 0x3a, 0x21, 0xa6, 0x0,

    /* U+003C "<" */
    0x0, 0xf9, 0x48, 0x3, 0x14, 0x75, 0x88, 0x1,
    0x6f, 0x4e, 0xf8, 0xd3, 0xa3, 0x3a, 0xd4, 0x3,
    0xfe, 0x4e, 0x8c, 0xeb, 0x50, 0xc, 0xb7, 0xa7,
    0x7c, 0x40, 0x18, 0xa3, 0xac, 0x0,

    /* U+003D "=" */
    0x6f, 0xff, 0x91, 0xbb, 0xbe, 0x40, 0x11, 0xf8,
    0x3, 0xfc, 0xbf, 0xff, 0x22, 0xee, 0xfc, 0x80,

    /* U+003E ">" */
    0x34, 0x0, 0xf9, 0xef, 0x9c, 0x40, 0x32, 0x7d,
    0xe7, 0x5a, 0x0, 0x65, 0xbe, 0xc9, 0xe2, 0x0,
    0xff, 0x96, 0xfb, 0x27, 0x89, 0x3e, 0xf3, 0xad,
    0x0, 0xf, 0x7c, 0xe2, 0x1, 0x80,

    /* U+003F "?" */
    0x3, 0xcf, 0xe8, 0x1, 0xd4, 0xb9, 0x76, 0x1e,
    0x84, 0x73, 0xc0, 0xe, 0x13, 0x0, 0xcc, 0x50,
    0x1, 0x1c, 0xd0, 0x80, 0x5c, 0xca, 0x1, 0x11,
    0x28, 0x3, 0x15, 0x18, 0x7, 0x30, 0x7, 0x36,
    0x38, 0x6, 0x20, 0x20, 0x0,

    /* U+0040 "@" */
    0x0, 0xe6, 0xbe, 0xfd, 0x92, 0x0, 0xf1, 0xf6,
    0xff, 0x7f, 0xbb, 0x18, 0x3, 0x1e, 0xdd, 0x90,
    0x0, 0x4f, 0x90, 0x60, 0x16, 0xda, 0x80, 0x78,
    0xa2, 0x0, 0x7, 0x55, 0x0, 0x1f, 0x6e, 0x58,
    0x1d, 0x0, 0x17, 0xc0, 0x8, 0xbe, 0xe3, 0x10,
    0x9, 0x10, 0xd, 0x0, 0x5f, 0x4d, 0x41, 0x40,
    0x21, 0x10, 0x8, 0x3a, 0x8, 0x18, 0x88, 0x0,
    0x64, 0x20, 0x21, 0xc2, 0x0, 0x55, 0x0, 0x10,
    0x84, 0x5, 0x43, 0x5c, 0xa, 0x98, 0xa, 0x60,
    0x0, 0xdc, 0xa, 0xdf, 0xdc, 0x1f, 0xc8, 0x40,
    0x4, 0xa3, 0x85, 0xfe, 0x16, 0x7f, 0x28, 0x4,
    0x3b, 0x36, 0x82, 0x2, 0xa6, 0x1, 0xe3, 0xec,
    0x8f, 0xf6, 0x69, 0x0, 0x60,

    /* U+0041 "A" */
    0x0, 0x8b, 0xf4, 0x3, 0xe5, 0x32, 0x20, 0x7,
    0xae, 0x8e, 0x80, 0x38, 0x8d, 0x2d, 0x40, 0x39,
    0x48, 0x8a, 0x44, 0x0, 0xd6, 0xa0, 0x44, 0xa0,
    0x8, 0x8e, 0xc0, 0xa, 0xa0, 0x9, 0x43, 0x3f,
    0xce, 0x44, 0x0, 0x5a, 0xe6, 0x61, 0x50, 0x23,
    0xe3, 0x3c, 0x94, 0xa, 0x8, 0x1, 0xbc, 0x89,
    0x68, 0x1, 0xc8, 0xa,

    /* U+0042 "B" */
    0x6f, 0xfd, 0xb0, 0x1, 0xaf, 0x2e, 0x9e, 0xc0,
    0x25, 0x34, 0x78, 0x41, 0x0, 0xf0, 0x80, 0x80,
    0x72, 0x43, 0x0, 0x5d, 0xfe, 0xb2, 0x80, 0xb,
    0x37, 0x28, 0x3c, 0x80, 0x4, 0x43, 0x5c, 0x38,
    0x0, 0xf9, 0x98, 0x1, 0xf2, 0xa8, 0x0, 0xa6,
    0x66, 0xd1, 0xb0, 0x5, 0xe6, 0x21, 0xf4, 0x80,

    /* U+0043 "C" */
    0x0, 0x92, 0xfb, 0xec, 0xc0, 0x26, 0xb0, 0x8a,
    0x1c, 0x10, 0x39, 0x6b, 0x65, 0xad, 0x10, 0x91,
    0x90, 0xc, 0x40, 0x4, 0x70, 0xf, 0xc3, 0xc0,
    0x1f, 0xfc, 0x61, 0xe0, 0xf, 0xc8, 0xe0, 0x1f,
    0xa4, 0x60, 0x3, 0x20, 0x0, 0xe1, 0xed, 0x96,
    0xad, 0x40, 0xf, 0x61, 0x14, 0xd6, 0xa0,

    /* U+0044 "D" */
    0x6f, 0xfb, 0xad, 0x0, 0x3a, 0xf2, 0xc2, 0xe0,
    0x3, 0x29, 0xad, 0xc3, 0xa0, 0x7, 0xce, 0x3e,
    0x1, 0xf9, 0xd0, 0x3, 0xf7, 0x0, 0x7f, 0xf1,
    0xf8, 0x3, 0xf9, 0xd0, 0x3, 0xe8, 0x1f, 0x0,
    0x94, 0xd6, 0xdd, 0xc8, 0x1, 0x5e, 0x58, 0x5c,
    0x0, 0x0,

    /* U+0045 "E" */
    0x6f, 0xff, 0x30, 0x2, 0xae, 0xf3, 0x80, 0x11,
    0x38, 0x40, 0x3f, 0xc6, 0x1, 0xf6, 0xff, 0xd0,
    0x1, 0x5e, 0x65, 0x20, 0x12, 0x99, 0xc2, 0x1,
    0xff, 0xc7, 0x44, 0xe2, 0x0, 0x55, 0xde, 0xa0,

    /* U+0046 "F" */
    0x6f, 0xff, 0x30, 0x2, 0xae, 0xf3, 0x80, 0x11,
    0x38, 0x40, 0x3f, 0xf8, 0xdd, 0xff, 0x48, 0x5,
    0x79, 0x94, 0x0, 0x4a, 0x67, 0x8, 0x7, 0xff,
    0x54,

    /* U+0047 "G" */
    0x0, 0x8e, 0xbb, 0xf5, 0x80, 0x26, 0xc6, 0x8a,
    0x59, 0x70, 0x39, 0x6c, 0x65, 0x8d, 0x70, 0x91,
    0x90, 0xc, 0x40, 0x4, 0x70, 0xf, 0xc3, 0xc0,
    0x1f, 0xfc, 0x1f, 0xfb, 0x40, 0x78, 0x2, 0xcc,
    0x30, 0x1, 0x1c, 0x2, 0x33, 0x8, 0x2, 0x46,
    0x40, 0x3e, 0x38, 0x6b, 0x65, 0x76, 0x10, 0x3,
    0xd8, 0x45, 0x51, 0xb4,

    /* U+0048 "H" */
    0x6f, 0x10, 0xc, 0xfe, 0x1, 0xff, 0xd5, 0x30,
    0xf, 0xed, 0xff, 0xd0, 0x1, 0xaf, 0x33, 0x30,
    0x6, 0x53, 0x3d, 0xc0, 0x1f, 0xfd, 0xe0,

    /* U+0049 "I" */
    0x6f, 0x10, 0xf, 0xfe, 0xa8,

    /* U+004A "J" */
    0x0, 0xe7, 0xf0, 0xf, 0xff, 0x97, 0x80, 0x4a,
    0x1, 0x11, 0x0, 0xaa, 0x8b, 0xb, 0x40, 0x58,
    0xd4, 0xce, 0xe0,

    /* U+004B "K" */
    0x6f, 0x10, 0x9, 0xbd, 0x0, 0x3c, 0x73, 0x8,
    0x1, 0xc3, 0xa8, 0xe0, 0x1e, 0xd3, 0xb0, 0xf,
    0x49, 0xf0, 0x7, 0xa5, 0x82, 0xc0, 0x3c, 0xf1,
    0x7, 0x20, 0xe, 0x57, 0x70, 0xc8, 0x7, 0x58,
    0x2, 0xd1, 0x0, 0x1f, 0x29, 0xc8, 0x7, 0xef,
    0x26, 0x0, 0xf8, 0xd6, 0x0,

    /* U+004C "L" */
    0x6f, 0x10, 0xf, 0xff, 0xf8, 0x6, 0x44, 0xe0,
    0xa, 0xae, 0xf1, 0x80,

    /* U+004D "M" */
    0x6f, 0x90, 0xe, 0x9f, 0x60, 0x3, 0x80, 0x73,
    0x80, 0x44, 0x8, 0x1, 0x20, 0x10, 0x4, 0xfa,
    0x1, 0x73, 0x18, 0x0, 0xf5, 0xc0, 0x25, 0xb1,
    0x0, 0x90, 0x14, 0x14, 0x8c, 0x2, 0x10, 0x6f,
    0xf, 0x50, 0xf, 0x5a, 0x8a, 0xd0, 0x7, 0x8c,
    0xac, 0xc8, 0x3, 0xea, 0x5a, 0x0, 0xfc, 0xc6,
    0xe0, 0x1f, 0x87, 0x4, 0x3, 0x0,

    /* U+004E "N" */
    0x6f, 0x60, 0xc, 0xfe, 0x0, 0x81, 0x0, 0xf1,
    0x1c, 0x80, 0x78, 0xe1, 0xc8, 0x3, 0x85, 0x4e,
    0x0, 0x3e, 0xf5, 0x30, 0xf, 0x1a, 0xf8, 0x7,
    0xd0, 0x6a, 0x20, 0x1c, 0x4f, 0x0, 0x1f, 0x41,
    0xe0, 0x7, 0xd0, 0xa0, 0x1f, 0x31, 0x0,

    /* U+004F "O" */
    0x0, 0x97, 0x3f, 0xad, 0x0, 0x34, 0x53, 0x4c,
    0x3d, 0xb0, 0x1, 0x1d, 0xd4, 0xcc, 0xc5, 0x92,
    0xe, 0x18, 0x0, 0xd6, 0x14, 0x8, 0xe0, 0x1c,
    0x28, 0x80, 0x1e, 0x0, 0xf1, 0x10, 0x3, 0xff,
    0x80, 0x3c, 0x1, 0xe5, 0x20, 0x47, 0x0, 0xe1,
    0x34, 0x9, 0x18, 0x0, 0xd6, 0x14, 0x6, 0xee,
    0xa5, 0x6b, 0x5a, 0x20, 0x4, 0x53, 0x54, 0x6,
    0x28, 0x0,

    /* U+0050 "P" */
    0x6f, 0xfd, 0xb0, 0x1, 0xaf, 0x2d, 0x5e, 0xc0,
    0x25, 0x34, 0x8a, 0x43, 0x0, 0xf3, 0x83, 0x0,
    0x79, 0xc1, 0x80, 0x30, 0xa5, 0x99, 0x80, 0x1d,
    0xfd, 0x69, 0xa0, 0x15, 0xe6, 0xfd, 0x8, 0x4,
    0xa6, 0x40, 0x1f, 0xfd, 0x30,

    /* U+0051 "Q" */
    0x0, 0x93, 0x3f, 0xac, 0xc0, 0x39, 0xed, 0xe6,
    0x1f, 0x14, 0x2, 0x38, 0x7b, 0x66, 0x62, 0xd0,
    0x80, 0x24, 0x60, 0x3, 0x58, 0x30, 0x1, 0x10,
    0x1, 0xc2, 0x76, 0x0, 0x12, 0x0, 0xf3, 0x8,
    0x5, 0xe0, 0x1e, 0x33, 0x0, 0x5c, 0x1, 0xe2,
    0x30, 0x1, 0xa8, 0x7, 0x95, 0x0, 0x14, 0x66,
    0x0, 0xca, 0x3a, 0x0, 0x63, 0xd3, 0x0, 0x25,
    0x22, 0x0, 0x2d, 0x5c, 0xde, 0xb5, 0xb0, 0xc,
    0x37, 0xac, 0x39, 0x40, 0x1f, 0x14, 0x8f, 0x98,
    0x8, 0x7, 0x8b, 0x1f, 0x3f, 0x84, 0x3, 0xc5,
    0x7d, 0xbc, 0x20,

    /* U+0052 "R" */
    0x6f, 0xfd, 0xb2, 0x20, 0x15, 0xe5, 0xd3, 0xe8,
    0x4, 0xa6, 0x8f, 0x66, 0x60, 0xf, 0x38, 0x30,
    0x7, 0x98, 0x18, 0x3, 0x92, 0x48, 0xc0, 0x1d,
    0xfe, 0xb6, 0xc0, 0xa, 0xf1, 0x46, 0x84, 0x2,
    0x53, 0xb0, 0x80, 0xf, 0xc, 0x31, 0x80, 0x79,
    0x8b, 0xc0, 0x3e, 0x93, 0x60,

    /* U+0053 "S" */
    0x0, 0x1d, 0xff, 0xad, 0x0, 0x7, 0x8f, 0x34,
    0x36, 0x61, 0x43, 0x8c, 0xb5, 0xa6, 0x6, 0x1,
    0xc4, 0x0, 0xe1, 0xb2, 0x0, 0xe4, 0xb5, 0xdb,
    0x40, 0xc, 0x9d, 0x2d, 0x76, 0x0, 0xe6, 0xd9,
    0x49, 0x0, 0xf3, 0x22, 0x83, 0x90, 0x6, 0x67,
    0xa, 0xd8, 0x55, 0x59, 0x40, 0x6c, 0x2d, 0x50,
    0x30, 0xc0,

    /* U+0054 "T" */
    0x8f, 0xff, 0xc3, 0x57, 0x70, 0x2d, 0xdc, 0x24,
    0x89, 0x1, 0x22, 0x40, 0x1f, 0xff, 0xf0, 0xf,
    0xfe, 0x20,

    /* U+0055 "U" */
    0x7f, 0x0, 0xe7, 0xf0, 0xf, 0xff, 0x50, 0x80,
    0x80, 0x70, 0x90, 0x10, 0x6, 0xe3, 0x50, 0xa0,
    0x8, 0x5d, 0x45, 0xda, 0x95, 0xb0, 0x24, 0x22,
    0x5e, 0xa1, 0xf0, 0x40,

    /* U+0056 "V" */
    0xdb, 0x0, 0xe7, 0xf1, 0x54, 0x0, 0xec, 0x41,
    0xb0, 0x40, 0xc, 0x9a, 0x6, 0x3a, 0x1, 0x28,
    0x38, 0x1, 0xdc, 0x1, 0x61, 0x88, 0x3, 0x44,
    0x80, 0xf, 0x60, 0x12, 0xa, 0x81, 0x8a, 0x80,
    0x64, 0xb0, 0x42, 0x20, 0x6, 0xf3, 0xb, 0x50,
    0xe, 0x50, 0x63, 0xb0, 0xf, 0x24, 0x9, 0x80,
    0x7b, 0x45, 0xc0, 0x30,

    /* U+0057 "W" */
    0x7f, 0x0, 0xd7, 0xa0, 0x1b, 0xa0, 0xc0, 0xc0,
    0x24, 0x21, 0x0, 0x8, 0xb1, 0x41, 0x40, 0x6,
    0x24, 0x80, 0x5, 0x5, 0x12, 0xf0, 0x2, 0x21,
    0xf0, 0x0, 0x62, 0x20, 0x75, 0x0, 0x66, 0xe2,
    0x0, 0x35, 0x40, 0x1a, 0x60, 0x4, 0x42, 0x90,
    0x83, 0xe0, 0x1, 0x0, 0x8c, 0xc, 0xc0, 0x80,
    0x46, 0x0, 0x30, 0x74, 0x40, 0x1, 0x30, 0xc1,
    0x40, 0x22, 0xdd, 0x18, 0x3, 0x15, 0x42, 0x20,
    0x9, 0xcd, 0x30, 0x0, 0x87, 0xea, 0x1, 0xb1,
    0x5, 0x0, 0x6, 0xf, 0x80, 0x19, 0x40, 0xc0,
    0x32, 0x9, 0x80, 0x0,

    /* U+0058 "X" */
    0x3f, 0x60, 0x8, 0xbd, 0x8d, 0x60, 0x2, 0x82,
    0x60, 0x81, 0x60, 0x25, 0x90, 0x1, 0x34, 0x4,
    0x1a, 0x0, 0x50, 0x32, 0xbe, 0x1, 0x86, 0x19,
    0x4c, 0x3, 0xb0, 0x18, 0x3, 0x8d, 0x2c, 0xd4,
    0x3, 0x7a, 0xa3, 0x58, 0x4, 0xa7, 0x1, 0x2,
    0xe0, 0x8, 0x62, 0x1, 0x78, 0x17, 0x28, 0x0,
    0xa4, 0x60,

    /* U+0059 "Y" */
    0xc, 0xc0, 0x6, 0x4f, 0x40, 0x83, 0x30, 0x5,
    0xe6, 0x80, 0x85, 0x20, 0x2, 0x48, 0x0, 0xa1,
    0x48, 0x2c, 0x90, 0x2, 0x52, 0xa0, 0x68, 0x0,
    0xeb, 0x78, 0x25, 0x0, 0xe6, 0x17, 0xb0, 0xf,
    0x98, 0x18, 0x3, 0xff, 0xbe,

    /* U+005A "Z" */
    0xa, 0xff, 0xf6, 0x4, 0x5d, 0xe8, 0xa, 0x2,
    0x44, 0xd6, 0x6c, 0x1, 0xcc, 0x7c, 0x1, 0xc3,
    0x2e, 0x40, 0x1d, 0x65, 0x0, 0x1c, 0x8b, 0x20,
    0x1e, 0xa5, 0x40, 0xe, 0x90, 0xb0, 0xe, 0x36,
    0x81, 0x0, 0xef, 0x12, 0x44, 0xc6, 0x70, 0xdd,
    0xf6, 0x80,

    /* U+005B "[" */
    0x5f, 0xdb, 0x3, 0xdb, 0x0, 0xff, 0xf4, 0x9,
    0x6d, 0x80,

    /* U+005C "\\" */
    0x97, 0x0, 0xed, 0xb0, 0xe, 0x43, 0x10, 0xe,
    0x54, 0x0, 0xef, 0xf0, 0x7, 0x22, 0x80, 0x70,
    0x9a, 0x0, 0x75, 0xe8, 0x7, 0x2b, 0x80, 0x71,
    0x19, 0x80, 0x39, 0x6c, 0x3, 0xad, 0x40, 0x38,
    0xcc, 0x40, 0x1c, 0xea, 0x1, 0xdb, 0x60, 0x1c,
    0x96, 0x0,

    /* U+005D "]" */
    0x6d, 0xeb, 0x6d, 0x80, 0xf, 0xff, 0x4b, 0x6d,
    0x88,

    /* U+005E "^" */
    0x0, 0x37, 0xa0, 0x6, 0xa3, 0xe0, 0x8, 0x8f,
    0x94, 0x40, 0x16, 0xc4, 0x6c, 0x0, 0x7d, 0xa,
    0xa0, 0x28, 0x20, 0x31, 0x1f, 0x30, 0x4, 0xb4,

    /* U+005F "_" */
    0xcf, 0xff, 0xac,

    /* U+0060 "`" */
    0x0, 0xc9, 0x80, 0x6, 0x2a, 0x2, 0xc4, 0x80,
    0x2c, 0xc0,

    /* U+0061 "a" */
    0x0, 0x3e, 0xfe, 0xb0, 0x1, 0xee, 0xd8, 0x92,
    0x80, 0xf8, 0xc7, 0x23, 0xa0, 0x10, 0xac, 0x1,
    0x0, 0xdf, 0xfc, 0x60, 0xd, 0x7e, 0xa7, 0x60,
    0x1, 0xd0, 0x4, 0xe0, 0x2, 0xa3, 0x4b, 0x30,
    0x7, 0x6, 0x4f, 0x38, 0x0,

    /* U+0062 "b" */
    0x8e, 0x0, 0xff, 0xec, 0x1e, 0x7e, 0xb0, 0x4,
    0x3d, 0x56, 0xf2, 0xa0, 0x16, 0x32, 0x51, 0x48,
    0x0, 0x44, 0x1, 0x29, 0x80, 0x7d, 0xe0, 0x1f,
    0xb8, 0x3, 0xf3, 0xa8, 0x0, 0x6d, 0x55, 0x83,
    0x0, 0x4, 0xe8, 0xa0, 0xc2, 0x0,

    /* U+0063 "c" */
    0x0, 0x15, 0xf7, 0xd0, 0x81, 0xeb, 0xdd, 0x9,
    0x7, 0x96, 0x2a, 0xac, 0xc4, 0xe8, 0x3, 0x8c,
    0x8, 0x3, 0x8c, 0x8, 0x3, 0x84, 0xe8, 0x3,
    0xd0, 0x56, 0x8b, 0x6e, 0x9, 0x81, 0x76, 0x16,

    /* U+0064 "d" */
    0x0, 0xfb, 0xdc, 0x3, 0xff, 0xa2, 0x79, 0xfa,
    0xa0, 0x11, 0xe3, 0xdc, 0x48, 0x5, 0xe5, 0x68,
    0xb8, 0x1, 0x1d, 0x0, 0x78, 0x80, 0x40, 0x3c,
    0x40, 0x20, 0x1f, 0x15, 0x80, 0x42, 0x1, 0x41,
    0xd2, 0x2e, 0x0, 0x4b, 0x2f, 0x73, 0xc6, 0x0,

    /* U+0065 "e" */
    0x0, 0x1d, 0xff, 0x40, 0x4, 0x78, 0x39, 0x6c,
    0xe0, 0xf, 0x3a, 0x35, 0x89, 0x1, 0x3a, 0x0,
    0x90, 0x44, 0x61, 0x3f, 0xf6, 0x81, 0x98, 0x23,
    0x77, 0x88, 0x4f, 0x8, 0xb8, 0x1, 0xe9, 0x68,
    0x6c, 0xc0, 0x1, 0xe0, 0x5e, 0x69, 0x0,

    /* U+0066 "f" */
    0x0, 0x2f, 0x7b, 0x80, 0xd2, 0x62, 0x82, 0x84,
    0x99, 0x0, 0x42, 0x0, 0x7b, 0xd, 0xf0, 0x69,
    0xb, 0xd0, 0x12, 0x6, 0x20, 0xf, 0xfe, 0xc8,

    /* U+0067 "g" */
    0x0, 0x3e, 0xff, 0xea, 0x6, 0x88, 0x6b, 0x84,
    0xc8, 0x29, 0x54, 0x50, 0x42, 0x60, 0x1f, 0x78,
    0x2, 0x55, 0x1, 0x8a, 0x80, 0x8, 0x33, 0xf7,
    0x62, 0x0, 0x42, 0x6f, 0xea, 0x0, 0x67, 0x43,
    0x31, 0x0, 0x56, 0x57, 0x98, 0xde, 0x30, 0xf8,
    0xff, 0xb4, 0xe0, 0x88, 0xa0, 0x11, 0x30, 0x90,
    0xc9, 0x0, 0xc2, 0x48, 0x60, 0xe7, 0xf8, 0xb4,
    0xc0,

    /* U+0068 "h" */
    0x8e, 0x0, 0xff, 0xea, 0xd, 0xfe, 0xa8, 0x0,
    0x73, 0x14, 0x34, 0x20, 0xf, 0x75, 0xf0, 0x40,
    0x12, 0x0, 0x10, 0x18, 0x7, 0x8, 0x7, 0xff,
    0x58,

    /* U+0069 "i" */
    0x9e, 0x11, 0x18, 0x46, 0x88, 0x5, 0x1c, 0x1,
    0xff, 0xcd,

    /* U+006A "j" */
    0x0, 0x4f, 0x8, 0x0, 0x4c, 0x40, 0x11, 0xa0,
    0x1f, 0xa3, 0xc0, 0x3f, 0xfc, 0xa2, 0x4, 0x6a,
    0x81, 0x58, 0x30, 0x0,

    /* U+006B "k" */
    0x8e, 0x0, 0xff, 0xeb, 0xde, 0x80, 0x74, 0x2f,
    0x80, 0x64, 0x7a, 0x20, 0x8, 0xa9, 0x90, 0x3,
    0x78, 0x38, 0x6, 0x11, 0x78, 0x40, 0x6, 0xd1,
    0x87, 0x20, 0x0, 0x88, 0x18, 0xe4, 0x3, 0xde,
    0x8a,

    /* U+006C "l" */
    0x8e, 0x0, 0xff, 0xe9, 0xf8, 0x92, 0x8c, 0x80,

    /* U+006D "m" */
    0x8b, 0x3c, 0xfd, 0x41, 0xaf, 0xd5, 0x0, 0x27,
    0xfb, 0x46, 0xb7, 0xf9, 0x28, 0x40, 0x18, 0x65,
    0x43, 0xa, 0x30, 0x8, 0x2, 0x1, 0x10, 0x38,
    0x0, 0x40, 0x80, 0x3f, 0xfe, 0xa0,

    /* U+006E "n" */
    0x8b, 0x3b, 0xfd, 0x50, 0x2, 0x77, 0xf3, 0xd0,
    0x80, 0x31, 0x6, 0x1, 0x0, 0x44, 0x0, 0x20,
    0x30, 0xf, 0xfe, 0xe0,

    /* U+006F "o" */
    0x0, 0x1d, 0xff, 0x48, 0x80, 0xf, 0x2, 0xec,
    0x98, 0x0, 0xf3, 0xb4, 0x5f, 0x27, 0x13, 0xb0,
    0x8, 0x8e, 0xcc, 0x8, 0x3, 0x30, 0x98, 0x10,
    0x6, 0x61, 0x11, 0xd0, 0x4, 0x47, 0x61, 0xe5,
    0x68, 0xb8, 0x4e, 0x7, 0x81, 0x76, 0x7c, 0x0,

    /* U+0070 "p" */
    0x8b, 0x5c, 0xfd, 0x60, 0x9, 0x27, 0xfa, 0xa5,
    0x40, 0x2c, 0x31, 0x73, 0x90, 0x0, 0x80, 0x64,
    0x30, 0xf, 0xbc, 0x3, 0xf7, 0x0, 0x7e, 0x75,
    0x0, 0xd, 0xaa, 0xb0, 0x60, 0x0, 0x3d, 0x14,
    0x18, 0x40, 0x12, 0xef, 0xe1, 0x80, 0x7f, 0xf4,
    0x40,

    /* U+0071 "q" */
    0x0, 0x1e, 0x7e, 0xae, 0x38, 0x1e, 0x3d, 0xc4,
    0x98, 0x3, 0xca, 0xd1, 0x70, 0x2, 0x3a, 0x0,
    0xf1, 0x0, 0x80, 0x78, 0x80, 0x40, 0x3e, 0x2b,
    0x0, 0x84, 0x2, 0x83, 0xa4, 0x5c, 0x0, 0x96,
    0x5e, 0xe7, 0x80, 0x33, 0x6f, 0xe1, 0x80, 0x7f,
    0xf4, 0x40,

    /* U+0072 "r" */
    0x0, 0xf4, 0x59, 0xe7, 0x90, 0x37, 0x46, 0x10,
    0x14, 0xa1, 0x80, 0x5, 0x0, 0x3f, 0xfa, 0xa0,

    /* U+0073 "s" */
    0x1, 0xbf, 0xf5, 0x10, 0x6b, 0xe5, 0x83, 0x1,
    0xd9, 0xa5, 0x20, 0x2c, 0xb8, 0x6, 0xa8, 0xaf,
    0x80, 0x9, 0xb6, 0x9a, 0x80, 0x32, 0xb3, 0x9f,
    0x31, 0x23, 0x21, 0xc5, 0x6d, 0x3c, 0x80,

    /* U+0074 "t" */
    0x0, 0x40, 0x80, 0x42, 0xe4, 0x1, 0x18, 0x6,
    0x9d, 0xc, 0xf8, 0x84, 0x85, 0x6c, 0x89, 0x3,
    0x10, 0x80, 0x7f, 0xf1, 0xdc, 0x3, 0x8c, 0x24,
    0xcc, 0x0, 0xa4, 0xca,

    /* U+0075 "u" */
    0xad, 0x0, 0x8f, 0xd0, 0x3, 0xff, 0xb8, 0x46,
    0x1, 0x20, 0x3, 0x6, 0x52, 0x6c, 0x0, 0x8e,
    0xea, 0xc, 0x0, 0x0,

    /* U+0076 "v" */
    0xae, 0x0, 0xcf, 0xc1, 0xc2, 0x60, 0x15, 0xb8,
    0x20, 0xd8, 0x0, 0x4f, 0x40, 0xe, 0xa0, 0x7,
    0x14, 0x0, 0x51, 0x10, 0x29, 0xc0, 0x23, 0x15,
    0x13, 0xa0, 0xc, 0xd6, 0x82, 0x60, 0x1a, 0x8e,
    0x58, 0x3, 0x88, 0x87, 0x60, 0x10,

    /* U+0077 "w" */
    0x6f, 0x0, 0x9b, 0xd0, 0x0, 0x3e, 0x88, 0x4,
    0x0, 0x60, 0xe0, 0x1, 0x1, 0x8, 0x70, 0x0,
    0x8c, 0xa0, 0xc, 0x30, 0x2, 0x20, 0x8, 0x24,
    0x84, 0x12, 0xc0, 0x1e, 0x60, 0x8a, 0x24, 0x82,
    0x48, 0x0, 0x40, 0x4c, 0xc0, 0x26, 0x20, 0x18,
    0x0, 0x48, 0xd1, 0x1, 0x89, 0xa8, 0x1, 0x96,
    0x80, 0xc1, 0x9, 0x70, 0x3, 0x61, 0x28, 0x0,
    0x48, 0x88, 0x0,

    /* U+0078 "x" */
    0x3f, 0x50, 0x2, 0x79, 0x99, 0xac, 0x1, 0x2c,
    0x61, 0x0, 0xea, 0x70, 0x0, 0x18, 0x85, 0xc0,
    0x80, 0x4e, 0x2, 0xc0, 0x1a, 0x10, 0x60, 0x2,
    0x36, 0x98, 0x72, 0x0, 0x73, 0x13, 0x1f, 0x3,
    0x94, 0x0, 0x3c, 0xd8,

    /* U+0079 "y" */
    0x9e, 0x0, 0xcf, 0xc1, 0x42, 0x80, 0x15, 0xb8,
    0x19, 0x68, 0x0, 0x4f, 0x40, 0x14, 0xe0, 0x4,
    0x14, 0x0, 0x30, 0xa0, 0x7b, 0x80, 0x42, 0x9c,
    0xb, 0xa0, 0x1b, 0xd1, 0x2, 0x80, 0x19, 0x2,
    0x5c, 0x3, 0xcc, 0x5a, 0x1, 0xee, 0x14, 0x0,
    0xf5, 0xb0, 0x7, 0x1c, 0x94, 0x80, 0x64, 0xc4,
    0xc1, 0x0, 0xc0,

    /* U+007A "z" */
    0xf, 0xff, 0x0, 0x33, 0x2a, 0x7, 0x0, 0x19,
    0xdc, 0x50, 0x1, 0x95, 0x38, 0x3, 0xd, 0xb9,
    0x80, 0x6b, 0x38, 0x0, 0xca, 0xa9, 0x0, 0xc3,
    0x68, 0xe6, 0x70, 0x38, 0xa6, 0x66, 0x20,

    /* U+007B "{" */
    0x0, 0x37, 0x58, 0x2, 0x2e, 0xc0, 0x1, 0x60,
    0xf, 0xc2, 0x1, 0xce, 0x0, 0x31, 0x60, 0x5c,
    0x62, 0x5, 0xb6, 0x10, 0x2, 0xa, 0x80, 0x7e,
    0x17, 0x0, 0xff, 0xe0, 0x92, 0x80, 0x53, 0x76,

    /* U+007C "|" */
    0x5a, 0x0, 0xff, 0xeb, 0x0,

    /* U+007D "}" */
    0x6e, 0xb0, 0x3, 0x72, 0xa8, 0x2, 0x23, 0x0,
    0x84, 0xc0, 0x3f, 0x84, 0x2, 0x6d, 0x0, 0xa1,
    0xb0, 0x1, 0x2b, 0x80, 0x7, 0xe0, 0xc, 0x20,
    0x1f, 0x84, 0xc0, 0x3e, 0x13, 0x20, 0x6c, 0x64,
    0x0,

    /* U+007E "~" */
    0x4, 0xdc, 0x20, 0x2, 0x0, 0xd4, 0xde, 0x19,
    0xa8, 0x1, 0x68, 0xf7, 0x98, 0xa0, 0x15, 0x0,
    0x2f, 0xf9, 0x0,

    /* U+00B7 "·" */
    0x4, 0x40, 0x3d, 0xd9, 0xf4, 0x1, 0xb2, 0x22,
    0x90,

    /* U+4E0A "上" */
    0x0, 0xf1, 0x78, 0x80, 0x7f, 0xfc, 0xd4, 0xcf,
    0x80, 0x3f, 0xd7, 0x99, 0xc0, 0x1f, 0xee, 0xff,
    0xe0, 0xf, 0xff, 0xf8, 0x7, 0xc3, 0xff, 0xda,
    0x1d, 0xff, 0xe2, 0x1b, 0xbf, 0xfe, 0x11, 0x0,

    /* U+4E0B "下" */
    0x3, 0x3f, 0xfe, 0x10, 0x3, 0x33, 0xff, 0x84,
    0x21, 0xff, 0xe0, 0xaf, 0xff, 0x8, 0x7, 0xff,
    0x33, 0x40, 0x3f, 0xf8, 0x6d, 0xce, 0x1, 0xff,
    0xc1, 0xb8, 0x9d, 0x40, 0xf, 0xfe, 0x3, 0x72,
    0x5d, 0x0, 0x7f, 0xf0, 0x67, 0x8, 0x3, 0xff,
    0x84, 0x70, 0x1, 0xff, 0xf6,

    /* U+4E0D "不" */
    0x3, 0x3f, 0xfe, 0x9, 0x0, 0x37, 0x33, 0xff,
    0x81, 0x20, 0xe, 0xff, 0xec, 0xa, 0xff, 0xd6,
    0x1, 0xf0, 0xf2, 0x28, 0x7, 0xff, 0x2, 0x88,
    0xcc, 0x1, 0xff, 0x5b, 0x10, 0x7e, 0x98, 0x7,
    0xc3, 0x8d, 0x8c, 0x18, 0xb8, 0xe0, 0x1c, 0x9e,
    0x18, 0x20, 0x14, 0x5c, 0xd8, 0x80, 0xd5, 0xbe,
    0x8, 0x7, 0x26, 0x36, 0x0, 0x9e, 0x48, 0x7,
    0xe2, 0xc8, 0x0, 0x49, 0x80, 0x7f, 0x85, 0x40,
    0x3f, 0xfc, 0xa0,

    /* U+4E2A "个" */
    0x0, 0xf8, 0xd0, 0x3, 0xff, 0x85, 0xdc, 0x0,
    0xff, 0xe0, 0xd8, 0x2a, 0x80, 0x3f, 0xc3, 0x6d,
    0x95, 0x45, 0x0, 0xfc, 0x58, 0xd8, 0x2b, 0x54,
    0x80, 0xf, 0x36, 0xb6, 0xe, 0x2a, 0xb1, 0xb4,
    0xc0, 0x7, 0xb3, 0x16, 0x20, 0x26, 0x7, 0xef,
    0x94, 0x6, 0xbc, 0xe0, 0x1f, 0xd, 0x5e, 0x80,
    0x20, 0x40, 0x3f, 0xc8, 0xe0, 0x1f, 0xff, 0xf0,
    0xf, 0xfe, 0x50,

    /* U+4E2D "中" */
    0x0, 0xf2, 0xf0, 0x7, 0xff, 0x20, 0x55, 0x7b,
    0x45, 0x57, 0x91, 0x6a, 0x23, 0x30, 0x44, 0x6b,
    0x90, 0x1d, 0xdd, 0x63, 0xbb, 0xa0, 0x3, 0xff,
    0xa6, 0x45, 0x8c, 0x8, 0xb0, 0x80, 0x7, 0x77,
    0x48, 0xee, 0xe8, 0x0, 0xf, 0xfe, 0xa1, 0xff,
    0xd2, 0xb, 0xa0, 0x1f, 0xe6, 0xf1, 0x30, 0xf,
    0xf8, 0x80, 0x3f, 0xfa, 0x0,

    /* U+4E3A "为" */
    0x0, 0x30, 0x81, 0xf8, 0x7, 0xf6, 0x68, 0x7,
    0xff, 0x2, 0x85, 0x0, 0x40, 0x3e, 0x25, 0x54,
    0xd, 0x8a, 0xaf, 0x89, 0x22, 0x33, 0x4, 0x47,
    0x55, 0x1b, 0x77, 0x32, 0xee, 0xf1, 0xf8, 0x7,
    0x26, 0x80, 0x78, 0x40, 0x31, 0x1a, 0x46, 0x0,
    0x42, 0x60, 0x1a, 0xc8, 0xe0, 0x24, 0x0, 0x62,
    0x1, 0x1b, 0x40, 0x3, 0x98, 0x80, 0x5c, 0x0,
    0x3c, 0x8a, 0x0, 0x2e, 0x21, 0x1, 0x1, 0xd0,
    0xa0, 0xc, 0x20, 0xa0, 0x47, 0xe3, 0x82, 0x1,
    0x11, 0x5c, 0x40, 0xa9, 0xa2, 0x1, 0xab, 0x74,
    0x92, 0xd, 0x40, 0x1e, 0x8f, 0xf7, 0x20, 0x0,

    /* U+4E3B "主" */
    0x0, 0xf0, 0x80, 0x7f, 0xf0, 0xef, 0x48, 0x3,
    0xff, 0x83, 0x49, 0x86, 0x1, 0xf0, 0x99, 0xf5,
    0x2c, 0x99, 0xe1, 0x0, 0x2e, 0x67, 0x91, 0x73,
    0x32, 0x80, 0x13, 0xff, 0x95, 0x5f, 0xfc, 0x80,
    0x1f, 0xfd, 0x72, 0x55, 0xcc, 0x2a, 0xb8, 0xc0,
    0x32, 0xc4, 0x62, 0x58, 0x8d, 0x60, 0x19, 0xf7,
    0x72, 0x23, 0x77, 0x40, 0x7, 0xff, 0x5c, 0x8b,
    0xc2, 0x22, 0x2f, 0x0, 0x37, 0x7c, 0x88, 0xdd,
    0xf0, 0x80,

    /* U+4EAE "亮" */
    0x0, 0xf9, 0x48, 0x3, 0xff, 0x83, 0xf2, 0x1,
    0xf7, 0x77, 0x91, 0x1d, 0xdd, 0xa1, 0x99, 0xf6,
    0xe6, 0x77, 0x81, 0x12, 0x73, 0xff, 0xd9, 0xe4,
    0x40, 0xd, 0x1b, 0xbe, 0x80, 0xf, 0xa3, 0x77,
    0xd0, 0x1, 0xeb, 0xed, 0xdf, 0x76, 0x80, 0x57,
    0xff, 0xff, 0xc0, 0xa0, 0x4, 0x7f, 0xff, 0x9c,
    0x0, 0x64, 0x5, 0xff, 0xe0, 0x7, 0x10, 0x42,
    0x83, 0x7, 0x75, 0x80, 0x20, 0xd0, 0x1, 0xb9,
    0x4, 0x70, 0x4, 0x4e, 0x0, 0x19, 0x58, 0x0,
    0xf9, 0xa8, 0x2b, 0x8b, 0x4c, 0x2, 0x23, 0xef,
    0xba, 0xb, 0xeb, 0x20, 0xe, 0xcf, 0xf9, 0xc0,

    /* U+4ECE "从" */
    0x0, 0xff, 0xe4, 0x6b, 0x80, 0x6b, 0x80, 0xf,
    0xc6, 0x20, 0x19, 0xbc, 0x3, 0xf0, 0x98, 0x6,
    0x31, 0x0, 0xfe, 0x60, 0xc, 0x24, 0x1, 0xf1,
    0x0, 0x80, 0x44, 0xc, 0x1, 0xf3, 0x5, 0x0,
    0x4c, 0x1, 0xfc, 0x42, 0xe8, 0x0, 0xc0, 0x40,
    0xf, 0xbd, 0x22, 0x84, 0xc, 0x34, 0x3, 0xe4,
    0xd7, 0x28, 0x4, 0x94, 0x10, 0xe, 0x22, 0x20,
    0x7b, 0xb0, 0x32, 0x48, 0x7, 0x51, 0x18, 0x1f,
    0xdb, 0x7, 0xb9, 0x0, 0x66, 0xa0, 0x9, 0x8a,
    0xc1, 0x11, 0x20, 0x15, 0x3, 0x80, 0x16, 0x20,
    0x40, 0xa, 0x5a, 0x1, 0x7b, 0x0, 0xbd, 0x5c,
    0x2, 0x1d, 0x0, 0xe, 0xa8, 0x5, 0x54, 0x0,
    0xe3, 0xa0,

    /* U+4EEA "仪" */
    0x0, 0xc8, 0x40, 0x1f, 0xfc, 0x11, 0xb6, 0x41,
    0xe, 0x30, 0x2, 0xa8, 0x3, 0x31, 0x24, 0xa8,
    0x4f, 0x0, 0x38, 0x80, 0x21, 0x98, 0x4, 0xc0,
    0x70, 0x50, 0x53, 0x0, 0xac, 0x14, 0x3d, 0x0,
    0x1c, 0x84, 0x28, 0x0, 0x55, 0x0, 0x4e, 0x62,
    0x6, 0x2a, 0x80, 0x3, 0xa5, 0x0, 0x84, 0xdc,
    0x2, 0xbd, 0x0, 0x13, 0x48, 0x6, 0xab, 0x0,
    0x19, 0x98, 0x0, 0x32, 0x1, 0xcc, 0x48, 0x10,
    0xe0, 0x1f, 0xf3, 0xcb, 0x2c, 0x80, 0x7f, 0xd0,
    0x13, 0x42, 0x1, 0xff, 0x19, 0x83, 0x40, 0x3f,
    0xe6, 0xc9, 0xb6, 0xb0, 0xf, 0xc9, 0x91, 0x6e,
    0x98, 0xbc, 0xc0, 0x1c, 0x75, 0x7c, 0x80, 0x3,
    0xe6, 0x82, 0x0, 0x1f, 0x1f, 0x38, 0x7, 0xa3,
    0x88,

    /* U+4EF6 "件" */
    0x0, 0xff, 0xe4, 0x71, 0x82, 0x82, 0xe8, 0x7,
    0xe5, 0x33, 0x2d, 0x80, 0x7f, 0xd3, 0x61, 0x88,
    0x44, 0x2, 0x28, 0x3, 0x31, 0xb0, 0x22, 0xec,
    0x16, 0xec, 0xe0, 0x1, 0x81, 0x3, 0x37, 0x7c,
    0x97, 0xfc, 0xe0, 0xd, 0x0, 0xbd, 0x84, 0xc,
    0x3, 0xc4, 0x4b, 0x0, 0x44, 0x80, 0x7f, 0x17,
    0xb0, 0x1, 0xc8, 0xcd, 0xa0, 0x67, 0x80, 0x2,
    0x1, 0x76, 0x64, 0xe5, 0x99, 0x88, 0x3, 0xb7,
    0xfe, 0xa2, 0xff, 0xc4, 0x1, 0xff, 0xf6, 0x3e,
    0x0, 0xe5, 0xd0, 0xe,

    /* U+4F4D "位" */
    0x0, 0xfe, 0x20, 0xf, 0xf5, 0xb0, 0x5, 0xea,
    0x1, 0xf8, 0x91, 0xc0, 0x25, 0xe0, 0xf, 0xd0,
    0xa2, 0x89, 0x79, 0x22, 0x42, 0x1, 0x22, 0xc9,
    0x55, 0x52, 0xf5, 0x52, 0x0, 0x52, 0x4, 0x4e,
    0xef, 0x67, 0x28, 0x2, 0xcc, 0x2, 0x1f, 0x0,
    0xd8, 0xa0, 0x2, 0x5a, 0x0, 0x84, 0x48, 0x1,
    0xb, 0x80, 0xb, 0xd4, 0x3, 0x29, 0x80, 0xc,
    0x8, 0x2, 0x10, 0xe, 0x3d, 0x0, 0x29, 0x80,
    0x7f, 0xb9, 0x80, 0x1e, 0xa0, 0x1f, 0xe5, 0x30,
    0x2, 0xe0, 0x7, 0xf8, 0x90, 0x0, 0x68, 0x1,
    0xf9, 0x54, 0x9c, 0xb0, 0x28, 0xaa, 0x0, 0xf7,
    0x4c, 0xe4, 0x29, 0x98, 0x0,

    /* U+4F4E "低" */
    0x0, 0xc2, 0x1, 0xf8, 0x40, 0x3d, 0xc8, 0x1,
    0x13, 0x4f, 0x70, 0xc0, 0x33, 0x12, 0x4e, 0x7e,
    0xc2, 0x5f, 0x98, 0x6, 0xbb, 0x3, 0xd7, 0x7c,
    0x32, 0x80, 0x73, 0x93, 0x0, 0x14, 0x40, 0xdc,
    0x3, 0x8a, 0x4, 0x3, 0xc2, 0x20, 0xe, 0xe2,
    0x0, 0xcc, 0x44, 0x13, 0x22, 0x81, 0x46, 0x40,
    0x35, 0x6e, 0xa8, 0x77, 0x63, 0x5f, 0x70, 0xd,
    0x9f, 0xf0, 0x6f, 0xf8, 0xc0, 0x80, 0x3f, 0x89,
    0x80, 0x3f, 0xf8, 0x4f, 0x80, 0x1f, 0xfc, 0x3,
    0x2c, 0x40, 0x31, 0x0, 0xfe, 0x7e, 0x73, 0x2b,
    0x40, 0xe, 0x11, 0x46, 0x98, 0x2a, 0xbd, 0x9c,
    0x3, 0x90, 0xf3, 0x9e, 0x6, 0xd9, 0xc8, 0x0,
    0x7c, 0xb, 0x8e, 0x60, 0x8a, 0x37, 0x20,

    /* U+4F53 "体" */
    0x0, 0xff, 0xe4, 0x71, 0x0, 0x51, 0x20, 0x1f,
    0x98, 0xc8, 0x3, 0xff, 0x83, 0x70, 0x45, 0x84,
    0xc8, 0xb0, 0x80, 0x1c, 0x97, 0x77, 0x32, 0xee,
    0xe4, 0x2, 0x81, 0xf, 0xf9, 0xc0, 0xd, 0xff,
    0x28, 0x79, 0x0, 0x73, 0x2a, 0x9c, 0x40, 0x33,
    0x48, 0x6, 0x74, 0x23, 0x79, 0x0, 0xd6, 0xe0,
    0x10, 0xcc, 0x0, 0x2d, 0xc8, 0x3, 0xf5, 0x31,
    0x0, 0x9, 0xf8, 0x3, 0xe7, 0x58, 0x0, 0xd0,
    0x32, 0x1, 0xcb, 0x17, 0xfe, 0x76, 0xff, 0x43,
    0x30, 0x3, 0x2e, 0x2e, 0xe9, 0x97, 0x74, 0xb8,
    0xc0, 0x1c, 0x60, 0x44, 0x13, 0x22, 0x1, 0x80,
    0x7f, 0xf1, 0x40,

    /* U+4FDD "保" */
    0x0, 0xce, 0x60, 0x1f, 0xfc, 0x11, 0x80, 0xef,
    0xff, 0x90, 0x3, 0x4a, 0x18, 0x5f, 0x77, 0x8,
    0x6, 0x27, 0x80, 0x3, 0x88, 0xf0, 0x7, 0x70,
    0x18, 0x7, 0xff, 0x2, 0xc, 0x3, 0x6e, 0xf8,
    0x40, 0xa, 0xee, 0x0, 0xb3, 0x7a, 0xcb, 0xb9,
    0x88, 0xf, 0x16, 0x1, 0x11, 0x98, 0x84, 0xce,
    0x0, 0x13, 0x80, 0x7, 0x77, 0x48, 0xee, 0xe1,
    0x0, 0xc3, 0x33, 0x51, 0x0, 0x26, 0x61, 0x0,
    0xe4, 0x42, 0xca, 0x8b, 0x12, 0x20, 0x3, 0xe1,
    0xc7, 0xe0, 0xa8, 0x40, 0xf, 0x93, 0xde, 0x40,
    0x3, 0x56, 0xa0, 0x1c, 0x96, 0xd4, 0x1, 0x92,
    0xa8, 0x80, 0x19, 0x36, 0x0, 0x3c, 0xba, 0x80,
    0x3, 0xf0, 0x20, 0x9, 0x38, 0x2, 0x20,

    /* U+4FE1 "信" */
    0x0, 0xcc, 0x1, 0x98, 0x3, 0xf8, 0xe0, 0x3,
    0x5b, 0x0, 0x7e, 0xa7, 0x0, 0xd1, 0xe0, 0x1f,
    0xb, 0x5f, 0x7f, 0xd4, 0xdf, 0xf8, 0x80, 0x10,
    0x25, 0xdf, 0xff, 0xc4, 0x6, 0xc0, 0x11, 0xa2,
    0x78, 0xc0, 0x2e, 0x20, 0xa, 0xbf, 0xfd, 0x20,
    0x2, 0x9, 0x0, 0xa6, 0xef, 0xd4, 0x0, 0x2d,
    0x70, 0xa, 0xfb, 0xbd, 0xa0, 0x1f, 0xaf, 0xbb,
    0xda, 0x1, 0xfb, 0xff, 0xf0, 0x80, 0x7e, 0xff,
    0xf0, 0x7, 0xff, 0x38, 0x8b, 0xc0, 0x1f, 0xef,
    0xff, 0x8, 0x0,

    /* U+5173 "关" */
    0x0, 0xc2, 0x1, 0xe2, 0x0, 0xf8, 0xb8, 0xc0,
    0x3b, 0x58, 0x3, 0xc4, 0xfe, 0x1, 0xa0, 0x98,
    0x3, 0xe8, 0x1, 0x0, 0xb, 0xf0, 0x7, 0xb7,
    0xfc, 0x7d, 0xfe, 0xe0, 0xcf, 0xf0, 0x6, 0xfc,
    0xcc, 0xa7, 0x99, 0xc0, 0x18, 0x8c, 0xf9, 0xcc,
    0xf8, 0x3, 0xff, 0x8f, 0x9f, 0xfc, 0xc9, 0xff,
    0xdc, 0x0, 0xec, 0xce, 0x0, 0x46, 0x67, 0x0,
    0x8, 0xcf, 0x58, 0x35, 0x19, 0xe2, 0x0, 0xf2,
    0xbc, 0x48, 0xe0, 0x7, 0xf4, 0xd3, 0xb8, 0x34,
    0x74, 0xc0, 0x30, 0xbf, 0x3d, 0x40, 0x0, 0x71,
    0xf2, 0x90, 0x1, 0xb3, 0x2e, 0x50, 0xc, 0x35,
    0x63, 0x20, 0xc, 0xe7, 0x0, 0xfc, 0x97, 0xa0,

    /* U+5230 "到" */
    0xe, 0xff, 0xf9, 0x0, 0x2e, 0x40, 0xee, 0x2a,
    0x76, 0x77, 0x13, 0x88, 0x3, 0x8d, 0x64, 0x61,
    0x84, 0x3, 0xf4, 0x31, 0x4, 0xc1, 0x80, 0x7c,
    0xaa, 0x4d, 0xfd, 0x1f, 0x0, 0xf9, 0xe2, 0x13,
    0x9f, 0xcc, 0x20, 0x1e, 0x27, 0x52, 0xf0, 0x5,
    0x8, 0x7, 0x89, 0x11, 0xc2, 0x89, 0x0, 0x7c,
    0x93, 0x26, 0x29, 0x94, 0x0, 0x7c, 0xdb, 0xa8,
    0x3d, 0xd6, 0x0, 0x7f, 0xf1, 0x18, 0xc0, 0x3e,
    0xe1, 0x9d, 0xf1, 0x81, 0x0, 0xd5, 0xbe, 0xcc,
    0x18, 0xe1, 0x1, 0x19, 0xc3, 0x23, 0xb9, 0x70,
    0xa2, 0x0, 0xee, 0x19, 0x81, 0x94, 0x40, 0x3e,
    0xff, 0x60, 0x0,

    /* U+52A0 "加" */
    0x0, 0xb5, 0x40, 0x3f, 0xf8, 0xe6, 0x7c, 0x20,
    0x66, 0x2, 0x33, 0x83, 0x77, 0x62, 0x6, 0x60,
    0xa3, 0x31, 0xa0, 0xd, 0xee, 0x10, 0x3, 0xfc,
    0x39, 0xf8, 0x1, 0xff, 0x8, 0x81, 0xc0, 0x3f,
    0xc2, 0x6, 0x0, 0x30, 0xf, 0xe3, 0x1, 0x1,
    0x0, 0xff, 0x31, 0x0, 0x42, 0x1, 0xfc, 0x6e,
    0x0, 0x30, 0xf, 0xf5, 0xe0, 0x0, 0x5c, 0x3,
    0xf1, 0x1b, 0x80, 0x38, 0x80, 0xc, 0x66, 0x0,
    0xa1, 0x44, 0x88, 0x9c, 0x0, 0xac, 0xc1, 0x1,
    0x24, 0x6, 0xe8, 0x18, 0x1, 0x9f, 0xe3, 0x2,
    0xf2, 0xf, 0xf6, 0x88, 0x71, 0x80, 0x31, 0x40,

    /* U+52A8 "动" */
    0x0, 0x8, 0xf0, 0x5, 0x30, 0x1, 0xcf, 0xdd,
    0xd4, 0x1, 0xfc, 0xff, 0xfd, 0x40, 0x3, 0x0,
    0xff, 0xe0, 0xc5, 0x22, 0xd5, 0x40, 0x2, 0x2f,
    0xf, 0x98, 0x31, 0x99, 0x40, 0x77, 0x7d, 0xef,
    0x27, 0xd3, 0x60, 0x1, 0xff, 0x6, 0x7f, 0xb8,
    0x0, 0x6c, 0x1, 0xe4, 0x13, 0x27, 0x0, 0x84,
    0x80, 0x44, 0x1, 0x6b, 0x81, 0x40, 0x81, 0x80,
    0x83, 0x80, 0x67, 0xa0, 0x2, 0xb0, 0x21, 0x80,
    0x4, 0xc0, 0xa, 0xb, 0x5a, 0xb4, 0x17, 0x60,
    0x1, 0xb0, 0x3, 0x83, 0x31, 0xde, 0x2a, 0x6c,
    0x0, 0xe1, 0x0, 0x57, 0x53, 0x18, 0x64, 0x30,
    0x11, 0x17, 0x40, 0x2, 0x1, 0xca, 0x12, 0xfb,
    0xa1, 0x60, 0xf, 0xcb, 0xa0, 0xdf, 0xec, 0x10,

    /* U+5361 "卡" */
    0x0, 0xfb, 0xd0, 0x3, 0xff, 0x86, 0x24, 0x58,
    0x40, 0x3f, 0xd5, 0xbb, 0xa4, 0x3, 0xfd, 0x7f,
    0xfa, 0x0, 0x3f, 0xf8, 0xe8, 0x9e, 0x3, 0x44,
    0xf0, 0xc, 0xcf, 0x82, 0x67, 0xe1, 0x16, 0xef,
    0x82, 0xb7, 0x7c, 0x20, 0x1f, 0x85, 0x40, 0x3f,
    0xf8, 0x45, 0xdf, 0x46, 0x1, 0xff, 0x1d, 0xe9,
    0x6e, 0x88, 0x3, 0xfe, 0x28, 0xeb, 0x20, 0xf,
    0xfe, 0x13, 0x0, 0x7f, 0xf1, 0x80,

    /* U+538B "压" */
    0x1, 0xff, 0xff, 0xe0, 0x90, 0x5, 0x9b, 0xbf,
    0xf1, 0x0, 0x46, 0x45, 0x96, 0x88, 0xb8, 0x3,
    0xfb, 0x84, 0x3, 0xff, 0x9c, 0x46, 0x7f, 0xc0,
    0x11, 0x80, 0x33, 0x32, 0xab, 0x33, 0x28, 0x7,
    0x77, 0xfc, 0xcc, 0xff, 0xca, 0x0, 0x62, 0x0,
    0xfd, 0x66, 0x1, 0x84, 0x40, 0x1f, 0xbf, 0x10,
    0x2, 0xd5, 0x0, 0xfc, 0x95, 0xc0, 0x11, 0xf8,
    0x7, 0xf2, 0xd0, 0x0, 0x51, 0x17, 0x99, 0x9d,
    0xd9, 0x9c, 0x26, 0xa5, 0xf3, 0x3a, 0xed, 0x33,
    0xc2, 0x54, 0x8, 0xab, 0xff, 0x0,

    /* U+53D1 "发" */
    0x0, 0xf9, 0x90, 0x0, 0x40, 0x1f, 0x4d, 0x80,
    0x20, 0xc0, 0x18, 0xe0, 0x1e, 0x7d, 0x1, 0x11,
    0x80, 0x32, 0x54, 0x3, 0x28, 0x30, 0x28, 0x28,
    0x0, 0xa9, 0xc0, 0x34, 0xf, 0xfa, 0xc3, 0xbf,
    0xeb, 0xdc, 0x0, 0xa7, 0x32, 0x16, 0xcc, 0xf7,
    0x0, 0x48, 0x66, 0x1, 0xa3, 0x3f, 0x10, 0x7,
    0xa4, 0x33, 0xff, 0x90, 0x3, 0xc4, 0xa1, 0x79,
    0x94, 0x2, 0x0, 0x7b, 0x89, 0x78, 0xce, 0xa8,
    0x0, 0xf4, 0x1f, 0x5a, 0x38, 0x50, 0x38, 0x7,
    0x3b, 0xa8, 0xc7, 0x23, 0x13, 0xc0, 0x3a, 0xa2,
    0x94, 0x0, 0xc4, 0x64, 0x20, 0x18, 0x45, 0x8a,
    0xb, 0x76, 0xae, 0x5c, 0xa5, 0x10, 0x1b, 0x30,
    0xdb, 0x3e, 0x71, 0x9d, 0x3b, 0xe1, 0x0, 0xd9,
    0xd0, 0x20, 0x11, 0x4f, 0x70, 0x40,

    /* U+53D6 "取" */
    0x3f, 0xff, 0x80, 0x3f, 0x1e, 0x7, 0x72, 0x87,
    0xaf, 0x33, 0xa4, 0x0, 0x40, 0x23, 0x0, 0xf1,
    0xcc, 0xcc, 0x1, 0xc4, 0x22, 0x0, 0x28, 0xb2,
    0xa8, 0x78, 0x3, 0x6f, 0x50, 0x4, 0x8a, 0x0,
    0x54, 0x0, 0xdf, 0xeb, 0x0, 0xb7, 0xc0, 0x84,
    0xc0, 0x3f, 0xc8, 0xe1, 0x48, 0x1, 0xdf, 0xeb,
    0x0, 0x8c, 0x11, 0xb8, 0x3, 0xbb, 0xe8, 0x3,
    0x3c, 0x82, 0x80, 0x70, 0x80, 0x81, 0x88, 0x59,
    0x48, 0x4, 0x2e, 0x13, 0x74, 0x3e, 0x61, 0x41,
    0x60, 0x11, 0xda, 0xf7, 0x20, 0x70, 0x95, 0xf0,
    0x64, 0x0, 0x5b, 0x4e, 0xa4, 0x0, 0x6a, 0xb3,
    0xf7, 0xa0, 0xf, 0xc3, 0x58, 0x80, 0x5e, 0x2,
    0x1, 0xc9, 0xc3, 0x86, 0x1, 0xd, 0x8,

    /* U+53EF "可" */
    0x3, 0x3f, 0xfe, 0x10, 0x3, 0x33, 0xff, 0x84,
    0x21, 0xff, 0xfe, 0xe0, 0xdf, 0x10, 0xf, 0xfe,
    0x33, 0x7f, 0xf8, 0x40, 0x3f, 0x8f, 0x32, 0xb0,
    0xf, 0xf9, 0xcc, 0xe5, 0x0, 0xff, 0xef, 0xa7,
    0xfd, 0xc0, 0x1f, 0xf1, 0xe6, 0x70, 0x80, 0x7e,
    0x7f, 0x33, 0xe0, 0xf, 0xe1, 0x30, 0xc, 0x26,
    0x65, 0x3, 0x0, 0xff, 0x1e, 0x62, 0xd4, 0x40,
    0x3f, 0xc5, 0xff, 0x50, 0x4,

    /* U+542F "启" */
    0x0, 0xf8, 0x88, 0x1, 0xff, 0xc1, 0x5f, 0x0,
    0xfe, 0x22, 0xca, 0x4a, 0x45, 0x80, 0x24, 0xdd,
    0xe0, 0xad, 0xdc, 0x20, 0x10, 0xff, 0xfe, 0xe0,
    0xf, 0xfe, 0x40, 0xff, 0xfe, 0xe0, 0xe, 0x1d,
    0xdf, 0xf0, 0x80, 0x4, 0xc8, 0xbf, 0xc0, 0x11,
    0x32, 0xff, 0xff, 0x28, 0x3, 0x88, 0xb, 0x77,
    0xe2, 0x0, 0x93, 0xc0, 0x4, 0x5f, 0x0, 0x44,
    0x47, 0x0, 0xff, 0xe0, 0x5a, 0x8, 0x17, 0xff,
    0xc4, 0x0, 0x59, 0x0, 0x16, 0xef, 0xc4, 0x0,
    0xc2, 0x5, 0xd2, 0x2f, 0xb5, 0x40,

    /* U+544A "告" */
    0x0, 0x16, 0x0, 0x13, 0xc0, 0x3f, 0xad, 0x84,
    0x60, 0x11, 0xe0, 0x8, 0x99, 0x7b, 0x94, 0x1d,
    0xdb, 0x0, 0x2e, 0x7f, 0xfa, 0xc3, 0xff, 0x68,
    0x1, 0xc6, 0x0, 0x3f, 0xf8, 0x7, 0x8, 0x98,
    0xc1, 0x13, 0xc1, 0x10, 0x99, 0xd4, 0x53, 0x3e,
    0xc, 0xdd, 0xff, 0xe0, 0x80, 0x5f, 0xff, 0xe2,
    0x0, 0xea, 0xdd, 0xf8, 0x3, 0xe6, 0x22, 0xf8,
    0x3, 0xff, 0x95, 0xbb, 0xf8, 0x3, 0xe8, 0x99,
    0xf8, 0x3, 0xde, 0xc8, 0x9f, 0x79, 0x0, 0x0,

    /* U+56DE "回" */
    0xdf, 0xff, 0xfe, 0x2, 0x84, 0x66, 0x7f, 0x84,
    0x0, 0x46, 0x7f, 0xe0, 0xf, 0x8, 0xf0, 0x7,
    0xe3, 0xee, 0xf0, 0x7, 0xe1, 0xff, 0xac, 0x3,
    0xff, 0xb4, 0x45, 0x8, 0x7, 0xf0, 0xee, 0xd4,
    0x60, 0x1f, 0x1f, 0xff, 0x68, 0x7, 0xff, 0x1e,
    0xbf, 0xff, 0xc2, 0x0, 0x8d, 0xdf, 0xf0, 0x80,

    /* U+56FA "固" */
    0x4f, 0xff, 0xfe, 0x7, 0x0, 0xee, 0xff, 0xa4,
    0x2, 0x22, 0xc1, 0x64, 0x5c, 0x1, 0xf0, 0xb8,
    0x7, 0xe1, 0xff, 0xb0, 0x7f, 0xed, 0x0, 0xc3,
    0xff, 0x60, 0xff, 0xda, 0x1, 0xff, 0xc7, 0x1f,
    0xf6, 0xf, 0xfb, 0x80, 0x3f, 0x7f, 0xec, 0x0,
    0xff, 0xe5, 0xff, 0xec, 0x30, 0xf, 0xf, 0xff,
    0xb4, 0x3, 0xe, 0xef, 0xfa, 0x40, 0x3, 0x33,
    0xfe, 0x50,

    /* U+56FE "图" */
    0xdf, 0xff, 0xfe, 0x2, 0x4, 0xf7, 0x55, 0xbd,
    0xdc, 0x20, 0x3, 0x11, 0x2d, 0x98, 0x8f, 0x0,
    0x71, 0xd8, 0x7f, 0x73, 0xd4, 0x3, 0x97, 0x6,
    0xfb, 0x88, 0xaa, 0x0, 0xec, 0xbc, 0x89, 0xd3,
    0xa0, 0xf, 0x4a, 0x38, 0xb9, 0x81, 0x0, 0x71,
    0x5f, 0xc5, 0x77, 0x8e, 0x73, 0x0, 0x45, 0xbb,
    0x56, 0x34, 0xf6, 0x38, 0x6, 0x62, 0xc, 0xef,
    0xb0, 0x21, 0x0, 0xe7, 0xed, 0x8e, 0x80, 0xf,
    0xcf, 0xd9, 0xff, 0x60, 0x7, 0x6a, 0x24, 0xa3,
    0xb3, 0x24, 0x40, 0x80, 0x16, 0x23, 0xe9, 0x88,
    0x0, 0x0,

    /* U+5728 "在" */
    0x0, 0xf2, 0x8, 0x7, 0xff, 0x0, 0x6d, 0x40,
    0x3f, 0xf8, 0xe, 0x28, 0x1, 0xfb, 0xbf, 0xe9,
    0x1f, 0xff, 0xb8, 0x33, 0x75, 0x1, 0x9b, 0xbf,
    0x60, 0x11, 0x54, 0xe6, 0x44, 0x7b, 0x22, 0xc0,
    0x13, 0x9c, 0x0, 0x44, 0x40, 0xf, 0x24, 0x40,
    0x3, 0xfe, 0x4b, 0x3, 0xf, 0xfa, 0x13, 0xfe,
    0x52, 0xb8, 0x20, 0x6, 0xec, 0xe7, 0xbb, 0x29,
    0x63, 0x80, 0x44, 0x57, 0xb9, 0x14, 0x0, 0x30,
    0xf, 0xfe, 0xa8, 0x8e, 0xf7, 0x11, 0xc0, 0x1d,
    0x7d, 0xd3, 0x9f, 0x76,

    /* U+578B "型" */
    0x5, 0xff, 0xf6, 0x86, 0xa0, 0x72, 0x0, 0x17,
    0xca, 0xfc, 0xeb, 0x40, 0x3f, 0xf9, 0x86, 0x86,
    0x64, 0x1d, 0x40, 0xf, 0xd3, 0x3, 0x50, 0x4b,
    0x2, 0x1, 0xf5, 0x70, 0x6e, 0x1c, 0x60, 0xca,
    0x80, 0x7a, 0x18, 0x3, 0xc8, 0x20, 0x7, 0x0,
    0x4b, 0xc8, 0x4, 0x62, 0x0, 0xde, 0x12, 0x0,
    0x5e, 0x80, 0x59, 0xd4, 0x0, 0xfc, 0xf1, 0x0,
    0x11, 0x15, 0x71, 0x3a, 0xa9, 0xdc, 0x40, 0x19,
    0x26, 0x72, 0x14, 0xce, 0x40, 0xc, 0xd9, 0x99,
    0x97, 0x33, 0x30, 0x4, 0x67, 0xe1, 0x73, 0x3f,
    0x1, 0x6e, 0xf9, 0xcb, 0x77, 0xc4,

    /* U+5907 "备" */
    0x0, 0xe2, 0x40, 0xf, 0xfe, 0x17, 0xe0, 0x7,
    0xff, 0x6, 0xc9, 0xff, 0xf8, 0xc0, 0x38, 0xb5,
    0x1b, 0xfe, 0xd2, 0x63, 0x0, 0xcb, 0xab, 0xab,
    0x64, 0xd9, 0x52, 0x1, 0xcb, 0xb0, 0x5a, 0xdb,
    0x32, 0x70, 0xf, 0x85, 0xaf, 0x9a, 0x9e, 0xbe,
    0x9d, 0x4, 0xf, 0xf3, 0x73, 0xad, 0x63, 0x73,
    0x75, 0x54, 0x3, 0xdc, 0x48, 0xef, 0xfd, 0x90,
    0x3d, 0x60, 0x2, 0x0, 0x77, 0x45, 0x3d, 0xc7,
    0x70, 0x7, 0xc2, 0x30, 0x0, 0x45, 0xe0, 0x1f,
    0xbf, 0xe2, 0x9f, 0xf4, 0x0, 0x7e, 0xff, 0x8a,
    0xbf, 0xd0, 0x1, 0xff, 0xc0, 0x30, 0xf, 0xfb,
    0xfe, 0x29, 0xff, 0x40, 0x7, 0x8f, 0xff, 0xfb,
    0x0, 0x20,

    /* U+591A "多" */
    0x0, 0xf2, 0x8, 0x7, 0xff, 0x2, 0x28, 0xc0,
    0x3f, 0xe9, 0x71, 0xdf, 0xf9, 0x80, 0x38, 0xf4,
    0xb7, 0xba, 0x61, 0x70, 0xd, 0x7b, 0x46, 0x2,
    0x29, 0x7c, 0x10, 0xd, 0x1e, 0xff, 0xaf, 0x8b,
    0x84, 0x1, 0xc6, 0x20, 0xa7, 0xb, 0x16, 0x1,
    0xe2, 0x7c, 0xd5, 0xdd, 0x50, 0x19, 0xc2, 0xd,
    0xb9, 0x5d, 0x29, 0x62, 0xfb, 0xac, 0xc0, 0x37,
    0xdb, 0x1e, 0x45, 0xf7, 0x5a, 0x10, 0x1, 0x1d,
    0xea, 0x40, 0x4, 0x7a, 0xea, 0x1, 0x8f, 0xa0,
    0xad, 0xdb, 0x1a, 0x0, 0x31, 0xc0, 0x82, 0x3c,
    0x42, 0xe0, 0x3, 0xc4, 0xb5, 0xcb, 0x1c, 0x80,
    0x19, 0xb7, 0xf6, 0x4b, 0x74, 0xe0, 0x1e, 0x48,
    0xdf, 0xc8, 0x30, 0xf, 0xc0,

    /* U+5931 "失" */
    0x0, 0x8e, 0x40, 0x17, 0x0, 0x1f, 0xea, 0x20,
    0xf, 0xfe, 0x8, 0xb1, 0x33, 0x1c, 0xd9, 0xb2,
    0x0, 0x69, 0x14, 0xbb, 0x1a, 0xdd, 0xed, 0x0,
    0x89, 0xef, 0x76, 0x46, 0xdd, 0xd2, 0x1, 0x42,
    0xa8, 0x3, 0xff, 0x83, 0x32, 0x33, 0xcc, 0x6,
    0x7e, 0x1, 0xcc, 0xf1, 0x3e, 0x67, 0x84, 0x5f,
    0xfd, 0x40, 0x35, 0xff, 0xc2, 0x1, 0xe8, 0x68,
    0x80, 0x7, 0xfd, 0x47, 0xc, 0x36, 0x1, 0xf8,
    0x6d, 0x34, 0x43, 0x56, 0xc4, 0x3, 0xc, 0x73,
    0xe1, 0x80, 0x7, 0x1f, 0xa0, 0x80, 0x7d, 0x67,
    0x8, 0x3, 0x16, 0x4a, 0x69, 0xf, 0xeb, 0x0,
    0x7e, 0x6c, 0xe2,

    /* U+5A92 "媒" */
    0x0, 0xff, 0xe3, 0x26, 0x0, 0x45, 0xc0, 0x11,
    0xf0, 0x6, 0x26, 0x0, 0x4e, 0xe, 0xee, 0x1d,
    0x40, 0x2c, 0x22, 0xa2, 0xc7, 0xfe, 0xb1, 0xf4,
    0x1d, 0x57, 0xdf, 0x17, 0x2, 0x29, 0x80, 0x80,
    0x70, 0x6e, 0x44, 0x0, 0x3f, 0xf6, 0x0, 0x62,
    0x14, 0x37, 0x0, 0xf, 0xfd, 0x80, 0x19, 0x4c,
    0x34, 0xc0, 0x3, 0xff, 0x60, 0x6, 0xc4, 0x3,
    0xe0, 0x2f, 0xf0, 0xdf, 0xf0, 0x4, 0x80, 0x5,
    0x42, 0x33, 0x80, 0x8c, 0xe1, 0xf, 0x6b, 0x32,
    0xbe, 0xe6, 0x8c, 0xf7, 0x4a, 0x7, 0xea, 0x21,
    0x3b, 0xe6, 0x2, 0x9b, 0xa4, 0x0, 0x31, 0xbd,
    0x81, 0xe7, 0xd, 0x15, 0x88, 0x1, 0xe3, 0xaf,
    0xa7, 0x68, 0xc1, 0xec, 0x7d, 0x7, 0x34, 0xc1,
    0x7f, 0xc8, 0x1, 0xaa, 0xd4,

    /* U+5B58 "存" */
    0x0, 0xf1, 0x0, 0x7f, 0xf0, 0x87, 0x4c, 0x3,
    0xf8, 0x8c, 0xe9, 0x10, 0x33, 0xf8, 0x1, 0x99,
    0x9c, 0x73, 0x3e, 0xd0, 0x7, 0x7f, 0xac, 0x3b,
    0xff, 0xee, 0x0, 0xe9, 0x71, 0x22, 0xf0, 0x80,
    0x73, 0x9c, 0x9e, 0xef, 0xbc, 0x3, 0x24, 0x40,
    0x4f, 0xff, 0x39, 0x60, 0x4, 0x76, 0x4, 0x1,
    0x87, 0x47, 0x48, 0x0, 0x78, 0xe2, 0x2, 0x45,
    0x21, 0x59, 0x14, 0x7, 0x50, 0x0, 0x8d, 0xda,
    0x83, 0x77, 0x20, 0x28, 0x5, 0x3f, 0xf6, 0x7,
    0xfe, 0x40, 0xf, 0xfe, 0x58, 0x89, 0xc0, 0x3f,
    0xf8, 0x31, 0xd6, 0xa0, 0x1f, 0xb9, 0x0, 0x13,
    0xfe, 0xa0, 0xe,

    /* U+5DF2 "已" */
    0xbf, 0xff, 0xf8, 0x1, 0x5b, 0xbf, 0xd2, 0x1,
    0x9, 0x17, 0xf8, 0x3, 0x6a, 0x80, 0x7f, 0xf3,
    0xcc, 0x3, 0xff, 0x83, 0x3f, 0xff, 0x58, 0x7,
    0x46, 0xef, 0xd9, 0x60, 0x18, 0x8b, 0xf1, 0xa0,
    0x7, 0xff, 0x8, 0xd8, 0x3, 0xff, 0x80, 0xb6,
    0x0, 0x30, 0xf, 0xef, 0x60, 0x6d, 0x32, 0x2f,
    0x95, 0xb4, 0x25, 0xf3, 0x77, 0xeb, 0x66, 0x0,

    /* U+5EA6 "度" */
    0x0, 0xf8, 0x9c, 0x3, 0xff, 0x87, 0x6, 0x1,
    0xfb, 0xbf, 0xf6, 0x86, 0x7f, 0xf0, 0x80, 0x6,
    0xb7, 0x59, 0xbb, 0xb3, 0x76, 0x10, 0x9, 0x88,
    0x9a, 0x24, 0x56, 0xb1, 0x10, 0x3, 0x57, 0xf8,
    0x73, 0xfe, 0x1b, 0xfe, 0x0, 0xd5, 0xfe, 0x1b,
    0xff, 0x86, 0xff, 0x80, 0x3f, 0x38, 0x7, 0xfc,
    0x20, 0x16, 0x7f, 0xc2, 0xe0, 0x18, 0x40, 0xc0,
    0x1d, 0xff, 0xc6, 0x1, 0x8c, 0xf, 0xbf, 0xdd,
    0xdd, 0xf0, 0x1, 0x39, 0x13, 0xa8, 0x73, 0xba,
    0x42, 0x90, 0xb, 0x5c, 0x0, 0xb1, 0x8e, 0x9a,
    0x18, 0x20, 0x12, 0xe0, 0x4, 0x49, 0x16, 0x1c,
    0x20, 0x11, 0x93, 0xc6, 0xfc, 0x96, 0x61, 0x67,
    0xf6, 0xc4, 0xf4, 0x6b, 0xfd, 0xb0, 0x66, 0x8d,
    0xfe, 0xf1,

    /* U+5F00 "开" */
    0x8, 0xff, 0xff, 0xe0, 0x50, 0x2, 0x77, 0x52,
    0x3b, 0xb9, 0x17, 0x75, 0x60, 0x1, 0x22, 0x80,
    0x8b, 0x9, 0x91, 0x4, 0x3, 0xff, 0xca, 0x3d,
    0xd5, 0xf, 0x76, 0x56, 0xee, 0x84, 0x55, 0x53,
    0x95, 0x56, 0x44, 0x55, 0x42, 0x8, 0x91, 0xba,
    0x26, 0x12, 0x44, 0x80, 0x39, 0x30, 0x3, 0xff,
    0x82, 0xc2, 0xe0, 0x1f, 0xfc, 0x2, 0x88, 0x8,
    0x7, 0xfc, 0x78, 0xae, 0x1, 0xff, 0xc0, 0x97,
    0xb0, 0xf, 0xfe, 0xd, 0x48, 0x7, 0xd5, 0x20,
    0x18,

    /* U+5F0F "式" */
    0x0, 0xfe, 0xf4, 0x5b, 0x10, 0xf, 0xf8, 0x44,
    0xa5, 0x84, 0x0, 0x33, 0xfc, 0x4, 0x74, 0xa2,
    0x0, 0xcc, 0xfc, 0x31, 0x98, 0x7c, 0x10, 0xff,
    0xfc, 0x91, 0xff, 0x84, 0x3, 0xf8, 0x78, 0x3,
    0xcf, 0xff, 0xe7, 0x22, 0x0, 0x79, 0xb3, 0x8,
    0xd9, 0x86, 0xd6, 0x0, 0xf0, 0x99, 0x84, 0x46,
    0x61, 0x72, 0x10, 0xf, 0xfe, 0x9, 0x2, 0x0,
    0x7f, 0xf0, 0x8, 0x17, 0xc0, 0x12, 0x60, 0x11,
    0x32, 0x67, 0xe0, 0x72, 0x90, 0x2b, 0x85, 0x76,
    0x8a, 0xcf, 0x70, 0x11, 0x1e, 0xa6, 0xa1, 0xd5,
    0xfb, 0x2a, 0x20, 0x15, 0x3d, 0x30, 0x80,

    /* U+5F55 "录" */
    0x0, 0xff, 0xe2, 0x67, 0xff, 0xf8, 0x40, 0x2d,
    0xee, 0xfd, 0x60, 0x1c, 0x23, 0xfc, 0xe0, 0x20,
    0x12, 0xff, 0xfe, 0xc0, 0xe, 0x5d, 0xdf, 0xd2,
    0x20, 0x11, 0x10, 0x3, 0xf0, 0x99, 0x10, 0x3b,
    0x33, 0xb7, 0x59, 0x89, 0x3c, 0xc0, 0x66, 0xdf,
    0x74, 0xc9, 0xdd, 0x45, 0xf0, 0x5, 0x38, 0x40,
    0x4, 0x40, 0x4c, 0x8, 0x4, 0x78, 0x96, 0x24,
    0x75, 0xa7, 0xe8, 0x1, 0xd8, 0x7e, 0xaa, 0xb2,
    0xc1, 0x0, 0x8e, 0x3a, 0x73, 0x9c, 0x16, 0xe2,
    0xcc, 0x0, 0x83, 0xba, 0x60, 0x30, 0x2, 0x79,
    0x66, 0x1, 0xe4, 0xc3, 0x3d, 0x34, 0x0, 0x33,
    0xfc, 0x1, 0xd9, 0xfc, 0x80, 0x1c, 0x40,

    /* U+5F85 "待" */
    0x0, 0xff, 0xe3, 0xb6, 0x0, 0x67, 0xb0, 0xf,
    0x96, 0x7c, 0x8, 0xaf, 0x72, 0x28, 0x2, 0x7a,
    0xb3, 0xc, 0xdd, 0x39, 0xee, 0xca, 0x3, 0x7a,
    0x90, 0x3d, 0xfe, 0x84, 0xff, 0x94, 0x7, 0x9,
    0xd4, 0xc8, 0xaf, 0x72, 0x2c, 0x1, 0x24, 0x4f,
    0xee, 0xce, 0x7b, 0xb8, 0x80, 0xec, 0x1b, 0x7f,
    0xfb, 0x3, 0xfc, 0x47, 0x8c, 0x0, 0x12, 0x2e,
    0x60, 0x22, 0x1, 0x3c, 0x80, 0x2f, 0x77, 0xa8,
    0x37, 0x42, 0x28, 0x0, 0xab, 0xa7, 0xfe, 0xc0,
    0xff, 0x8, 0x7, 0xd6, 0xe0, 0x1f, 0xfc, 0x11,
    0xf8, 0x20, 0xf, 0xfe, 0x9, 0x69, 0x93, 0x0,
    0x7f, 0xf0, 0x9, 0xf6, 0xd8, 0x2,

    /* U+6001 "态" */
    0x0, 0xfa, 0x64, 0x1, 0xf8, 0x8b, 0xc8, 0x24,
    0x5e, 0x0, 0x6e, 0xf8, 0x9f, 0x77, 0xc2, 0x1f,
    0xfd, 0x4, 0xad, 0xff, 0xc2, 0x1, 0xc3, 0x37,
    0xc, 0x80, 0x1f, 0xed, 0x56, 0x29, 0xb4, 0x0,
    0xf9, 0x34, 0xb, 0x4d, 0x9e, 0xe0, 0x3, 0x3e,
    0x5d, 0x64, 0xd6, 0x2c, 0x5b, 0x7d, 0x0, 0x3e,
    0xb9, 0xc0, 0x7e, 0xd0, 0x13, 0xab, 0x40, 0x10,
    0x2b, 0xc, 0x27, 0xe2, 0x0, 0xc0, 0x70, 0xa,
    0x40, 0xb8, 0x2d, 0xe8, 0x1, 0x50, 0x1, 0x20,
    0x20, 0x6, 0xdc, 0x8, 0x23, 0x50, 0x7, 0xb8,
    0x0, 0x84, 0x40, 0xe2, 0xa0, 0xdc, 0x0, 0xcb,
    0xf, 0x4e, 0xee, 0x14, 0xad, 0x0,

    /* U+606F "息" */
    0x0, 0xf9, 0x54, 0x1, 0xff, 0xc2, 0xb0, 0xf,
    0xfb, 0xbf, 0xe1, 0xaf, 0xfb, 0x80, 0x3e, 0xcf,
    0xff, 0x58, 0x7, 0xed, 0xee, 0xf5, 0x0, 0x7e,
    0xde, 0xef, 0x50, 0x7, 0xef, 0xbb, 0xf4, 0x0,
    0x7e, 0xa8, 0x8f, 0x50, 0x7, 0xe2, 0x2f, 0x8c,
    0x3, 0xe2, 0xaf, 0xff, 0x59, 0x0, 0x7b, 0x3f,
    0xb8, 0x77, 0xdd, 0x69, 0x0, 0x6d, 0x2c, 0x50,
    0xfb, 0x40, 0x3, 0x78, 0x4, 0xc0, 0x40, 0x11,
    0x50, 0x84, 0x28, 0xc0, 0x2, 0x20, 0x0, 0xd1,
    0x12, 0xa1, 0x38, 0xc3, 0x0, 0x2d, 0x42, 0x9b,
    0xbb, 0x6a, 0x1a, 0x70, 0x0,

    /* U+626B "扫" */
    0x0, 0xb9, 0x40, 0x3f, 0xf8, 0x89, 0x55, 0xf1,
    0x1, 0x10, 0x8, 0x8f, 0x99, 0xe4, 0x61, 0xdd,
    0xc, 0x6a, 0x33, 0x78, 0x0, 0x3f, 0xe1, 0xaf,
    0x70, 0xf, 0xfe, 0x79, 0xa9, 0xff, 0xf8, 0x40,
    0xb, 0x23, 0x30, 0xf9, 0x9e, 0x10, 0x1b, 0x31,
    0x9d, 0x43, 0x3f, 0x0, 0x7, 0xa8, 0xc, 0x3,
    0xff, 0xa8, 0x23, 0xe0, 0x8, 0x44, 0x1, 0x47,
    0x77, 0x84, 0x1, 0x7c, 0x48, 0x11, 0xff, 0xe1,
    0x0, 0x57, 0xe0, 0x80, 0x7e, 0xe4,

    /* U+627E "找" */
    0x0, 0xbc, 0xc0, 0x26, 0xb0, 0x71, 0x0, 0xff,
    0xe0, 0x30, 0x3, 0xc8, 0x2, 0x22, 0x3, 0x10,
    0x0, 0x8c, 0x1e, 0x68, 0x0, 0x7b, 0xa0, 0xad,
    0x20, 0x0, 0xa3, 0x78, 0xd0, 0x1f, 0xf8, 0x33,
    0xeb, 0xec, 0x27, 0x47, 0xb0, 0x3, 0xe9, 0xdf,
    0xe, 0xb9, 0x46, 0x0, 0xe7, 0x50, 0x20, 0x35,
    0x4, 0xd0, 0x9, 0x20, 0x2e, 0x48, 0x0, 0xde,
    0x13, 0x0, 0x4, 0xb2, 0xb, 0xc3, 0x0, 0x62,
    0x50, 0xb0, 0x1, 0x3e, 0x81, 0xc0, 0x32, 0x12,
    0x68, 0x7, 0xff, 0x2, 0xc1, 0x84, 0x18, 0x80,
    0x3e, 0x3c, 0x47, 0x70, 0x86, 0xb8, 0x8, 0x80,
    0x2a, 0xc5, 0xd8, 0x3c, 0x64, 0x70, 0xbe, 0x33,
    0x4, 0xe4, 0x80, 0x35, 0xe5, 0x48, 0x2b, 0xf0,
    0x0, 0x66, 0x0, 0x86, 0xbe, 0x80,

    /* U+63A5 "接" */
    0x0, 0x1f, 0x0, 0x73, 0x48, 0x7, 0xfc, 0xb1,
    0xf, 0x69, 0x88, 0x38, 0x0, 0x9c, 0x8, 0x44,
    0x3, 0xf3, 0xe4, 0x2, 0x3, 0xb6, 0x3a, 0xc9,
    0x4e, 0xe6, 0x62, 0x5b, 0x0, 0xfe, 0xf, 0xb8,
    0x13, 0x20, 0x43, 0x98, 0x7, 0xc7, 0xfe, 0x7a,
    0xf7, 0x6f, 0xf3, 0x0, 0x71, 0x7f, 0xcb, 0x5f,
    0xf9, 0x80, 0x8, 0x3e, 0xc2, 0x23, 0x57, 0x11,
    0xc0, 0x5f, 0x21, 0x83, 0xdc, 0xc0, 0xde, 0xed,
    0x5, 0xba, 0x13, 0x6f, 0x93, 0xff, 0x8a, 0x7e,
    0x0, 0x80, 0x30, 0xcb, 0xa0, 0x38, 0x30, 0x7,
    0xe1, 0xed, 0x8e, 0x88, 0x0, 0x61, 0x70, 0x8,
    0x93, 0xc9, 0x1e, 0xac, 0xc0, 0x11, 0x6c, 0xb,
    0x9d, 0xcf, 0xa8, 0xe2, 0xf0, 0x4, 0xfc, 0x2,
    0xf5, 0xb8, 0x80, 0x6, 0x70, 0x0,

    /* U+63CF "描" */
    0x0, 0x17, 0x80, 0x6e, 0x30, 0x7, 0x18, 0x7,
    0xff, 0x1c, 0x98, 0x8, 0x9f, 0xe1, 0xcf, 0xf0,
    0xe7, 0xa0, 0xed, 0x86, 0xc7, 0xf8, 0x73, 0xfc,
    0x39, 0xe8, 0x3f, 0xa1, 0xf4, 0x1, 0xff, 0xc5,
    0x26, 0x2, 0x23, 0x0, 0x80, 0x78, 0x9b, 0x5f,
    0x37, 0x4f, 0x9a, 0x0, 0x15, 0xf, 0xa0, 0x5f,
    0xf0, 0x6f, 0xc8, 0x0, 0xba, 0xc3, 0xa0, 0x3,
    0xfc, 0x5d, 0xc0, 0x10, 0x2, 0xff, 0x83, 0x7e,
    0x40, 0x21, 0x0, 0xe4, 0xee, 0x6, 0x74, 0x0,
    0x7f, 0x8, 0xc0, 0x23, 0x0, 0x42, 0xc0, 0x19,
    0x7b, 0x81, 0x9d, 0x0, 0x15, 0xd9, 0x80, 0x24,
    0xcc, 0x6e, 0x61, 0x80, 0x2a, 0xf9, 0x0, 0x35,
    0x91, 0x74, 0x60, 0x0,

    /* U+6587 "文" */
    0x0, 0xf8, 0x40, 0x3f, 0xf8, 0x7c, 0xe0, 0x1f,
    0xfc, 0x27, 0x90, 0xf, 0xca, 0xbe, 0xf2, 0x65,
    0x5e, 0x11, 0x44, 0x2e, 0xd1, 0xa, 0x1b, 0x8a,
    0xb8, 0x81, 0x8e, 0xea, 0xc3, 0x77, 0xc3, 0x1b,
    0xa2, 0x0, 0x94, 0x18, 0x3, 0x30, 0x30, 0x7,
    0xd1, 0x0, 0xd, 0x12, 0x1, 0xf9, 0x8a, 0xc0,
    0x12, 0x6e, 0x1, 0xfd, 0xc9, 0xa, 0xdc, 0x1,
    0xfe, 0x2b, 0x7a, 0xa1, 0x80, 0x7f, 0xd8, 0x0,
    0xc0, 0xf, 0xf1, 0xe3, 0x5e, 0x3e, 0xa0, 0x7,
    0x96, 0xf1, 0x7d, 0xf, 0xd2, 0xf1, 0x40, 0x3,
    0xd4, 0x5b, 0x22, 0x0, 0x19, 0xd5, 0xaf, 0x21,
    0xdf, 0x92, 0x0, 0xf1, 0x4f, 0xe1, 0x0,

    /* U+65AD "断" */
    0x0, 0xff, 0xe1, 0xea, 0x20, 0x7c, 0x14, 0x0,
    0x6d, 0x5a, 0xc0, 0x7, 0x90, 0x0, 0xd9, 0x7c,
    0xc, 0xeb, 0x0, 0x4e, 0xa0, 0xf2, 0x0, 0xb7,
    0x30, 0xe, 0xf7, 0x0, 0x30, 0x7, 0xf2, 0x64,
    0x87, 0xc3, 0x0, 0x7e, 0x1e, 0x0, 0x77, 0x1c,
    0x3f, 0xf8, 0x41, 0x5c, 0x43, 0x5c, 0x43, 0xb8,
    0x37, 0xc2, 0x0, 0x37, 0x0, 0x40, 0x8, 0xc0,
    0xe2, 0x0, 0x7e, 0x80, 0xb4, 0x10, 0xf, 0xde,
    0x8a, 0x3, 0x8c, 0x40, 0x1f, 0x74, 0x80, 0x62,
    0x60, 0xf, 0x8c, 0xca, 0xc6, 0x6d, 0xd0, 0x7,
    0x9e, 0xfa, 0x53, 0xa1, 0x14, 0x3, 0xd5, 0xbb,
    0xd2, 0xa4, 0x1, 0xff, 0xc0, 0x2b, 0x0, 0xb8,
    0xc0, 0x0,

    /* U+65B0 "新" */
    0x0, 0x89, 0xc0, 0x3f, 0x8, 0x80, 0x31, 0x49,
    0x80, 0x44, 0xb3, 0x9c, 0xc0, 0xc, 0xff, 0xe,
    0x7f, 0x8b, 0x7f, 0xbf, 0xce, 0x0, 0xc7, 0xbe,
    0xe1, 0xe9, 0x4, 0x39, 0x80, 0x77, 0xe8, 0x91,
    0x40, 0x1f, 0xe3, 0x30, 0x5b, 0x80, 0x7f, 0xf,
    0xda, 0xfb, 0xb7, 0xb0, 0x6f, 0xfe, 0x41, 0xff,
    0x8a, 0xff, 0xcc, 0x17, 0xb2, 0x3a, 0x80, 0x67,
    0x1, 0x19, 0x84, 0x18, 0x88, 0x64, 0x0, 0xee,
    0x8a, 0xfb, 0x8a, 0x6, 0x1, 0xed, 0xbc, 0x29,
    0xad, 0x70, 0x10, 0xf, 0x14, 0x8, 0x3, 0x19,
    0x84, 0x1, 0xf7, 0x40, 0x5, 0x37, 0x8a, 0x1,
    0xf4, 0xb0, 0x1, 0xcb, 0xde, 0xc0, 0x3e, 0x51,
    0xf0, 0x20, 0x17, 0x30, 0xf, 0x0,

    /* U+65E0 "无" */
    0x0, 0x19, 0xff, 0xf0, 0x0, 0x21, 0xcc, 0xff,
    0xe0, 0x18, 0x0, 0x7f, 0xf8, 0x6f, 0xff, 0x8c,
    0x3, 0xf0, 0xb8, 0x7, 0xff, 0xc, 0x80, 0x3e,
    0x1d, 0xdf, 0x6, 0x6e, 0xf8, 0x86, 0x23, 0x9c,
    0x8d, 0x22, 0x38, 0x81, 0x57, 0x85, 0x4f, 0xd5,
    0x78, 0x3, 0xc4, 0x94, 0x1, 0xff, 0xc1, 0x83,
    0x20, 0xf, 0xfe, 0x2, 0xab, 0xc0, 0x3e, 0x81,
    0x0, 0x92, 0xa0, 0xc0, 0x3e, 0x72, 0x1, 0x9b,
    0x87, 0x0, 0xf, 0x91, 0x4a, 0x6, 0x3e, 0x96,
    0xe0, 0x15, 0x36, 0xed, 0x4e, 0x3, 0x9a, 0x80,
    0x19, 0xbf, 0xfa, 0x0,

    /* U+672A "未" */
    0x0, 0xfa, 0xa4, 0x3, 0xff, 0x9b, 0x9f, 0xf9,
    0x5b, 0xff, 0x70, 0x6, 0xec, 0xcc, 0x8b, 0x99,
    0xb4, 0x3, 0x11, 0x9e, 0x13, 0x3f, 0x0, 0x7f,
    0xf1, 0xfb, 0xff, 0x95, 0xbf, 0xfc, 0x0, 0xdc,
    0xcc, 0x80, 0x5, 0xcc, 0xe0, 0x1, 0x9e, 0x55,
    0x1a, 0x21, 0x8c, 0xf0, 0x7, 0x3c, 0x63, 0x16,
    0xdb, 0x0, 0x7d, 0x53, 0xa4, 0x0, 0x3d, 0x8a,
    0x0, 0xc9, 0xaf, 0x86, 0x1, 0x8f, 0x1f, 0x50,
    0x6, 0x97, 0x48, 0x3, 0xc5, 0xab, 0x42, 0x2e,
    0x80, 0xf, 0xf4, 0x70, 0x80,

    /* U+673A "机" */
    0x0, 0x9e, 0x80, 0x2f, 0xfe, 0x30, 0xf, 0xfb,
    0x37, 0x42, 0x1, 0xff, 0xc0, 0x22, 0x80, 0x30,
    0xff, 0xa1, 0x7f, 0xc0, 0x1f, 0xc3, 0xba, 0x34,
    0xdd, 0x0, 0x7f, 0x88, 0xcc, 0x4, 0x40, 0xf,
    0xf9, 0x81, 0x20, 0x4, 0x4, 0x3, 0xf4, 0xb2,
    0x2b, 0x18, 0x7, 0xf3, 0x27, 0xf, 0xdb, 0x10,
    0x7, 0xc3, 0x12, 0x0, 0x2d, 0x37, 0x0, 0xf9,
    0x5c, 0xc0, 0x35, 0xe0, 0x7, 0xc, 0xa4, 0x80,
    0x62, 0x37, 0x0, 0xe3, 0x50, 0xf, 0x4b, 0x8,
    0x6, 0x66, 0x38, 0x7, 0x13, 0xc0, 0x6, 0x7a,
    0xbd, 0x0, 0x9e, 0x8b, 0x4, 0x3, 0x4f, 0xf9,
    0x80,

    /* U+6863 "档" */
    0x0, 0xb1, 0x80, 0x30, 0xf8, 0x7, 0xf9, 0x6c,
    0x2, 0x10, 0x7b, 0x0, 0xf2, 0xa8, 0xc0, 0x35,
    0x69, 0x7f, 0x8e, 0x7c, 0xda, 0x80, 0x25, 0x36,
    0x2d, 0xb0, 0x7d, 0x3a, 0x10, 0xb, 0x6c, 0x0,
    0x44, 0x5, 0x22, 0x36, 0x20, 0x26, 0x9, 0x80,
    0x30, 0xe, 0x52, 0x65, 0x5, 0x13, 0x5c, 0x2,
    0x87, 0x2e, 0x5b, 0xbe, 0xb0, 0x3, 0x30, 0x6,
    0x94, 0x8b, 0xc6, 0x3, 0x34, 0x0, 0x45, 0xdd,
    0xf4, 0x82, 0x39, 0x0, 0x49, 0xff, 0xea, 0x5,
    0x90, 0xe, 0x11, 0xf1, 0x80, 0x7d, 0xbd, 0xde,
    0x90, 0xf, 0xb3, 0xbb, 0xd4, 0xc0,

    /* U+68C0 "检" */
    0x0, 0xff, 0xe3, 0xf8, 0x80, 0x65, 0xd0, 0xf,
    0xfe, 0x8, 0xd9, 0xa8, 0x7, 0x11, 0x0, 0x84,
    0x1, 0x4f, 0x96, 0xa0, 0x10, 0xee, 0x83, 0x28,
    0x2d, 0xe4, 0xb6, 0xdc, 0x0, 0x3f, 0x61, 0xd3,
    0x8d, 0x6, 0x60, 0x89, 0xb1, 0x0, 0x60, 0x5c,
    0x2c, 0x43, 0xfe, 0xaf, 0x3, 0x0, 0x28, 0x37,
    0xca, 0xe6, 0x70, 0xd9, 0x2, 0x30, 0x47, 0xa3,
    0x3, 0x48, 0x3, 0x14, 0x1, 0xfc, 0xb, 0x4d,
    0x60, 0x8a, 0x4, 0x45, 0x3, 0x65, 0x0, 0x88,
    0x8, 0x86, 0x17, 0x20, 0x3, 0xe0, 0xe, 0x46,
    0x8, 0x17, 0x70, 0x4, 0x60, 0x1d, 0x28, 0xf,
    0x32, 0x0, 0xfc, 0xbb, 0xbc, 0xf5, 0xba, 0x0,
    0xf2, 0x4c, 0xf5, 0xcc, 0xc0,

    /* U+6A21 "模" */
    0x0, 0xf, 0x80, 0x6e, 0x30, 0x3e, 0x0, 0xfc,
    0x37, 0x61, 0xfb, 0xf1, 0xbb, 0x8, 0x7, 0xf,
    0x70, 0x2f, 0xac, 0x3b, 0x82, 0x11, 0x0, 0x85,
    0x39, 0x9, 0x98, 0x25, 0x80, 0x11, 0x81, 0x6b,
    0xcb, 0xb9, 0xd9, 0xa2, 0xc0, 0x16, 0x7, 0x80,
    0x1e, 0x67, 0x88, 0x3, 0x38, 0x33, 0x83, 0xd5,
    0x71, 0x0, 0x46, 0x41, 0x18, 0xf, 0xbb, 0xc4,
    0x1, 0x4d, 0x81, 0x5c, 0xe7, 0x59, 0x77, 0x35,
    0x40, 0x91, 0x40, 0x31, 0x9b, 0xc8, 0xce, 0x10,
    0x36, 0x30, 0x3, 0xff, 0xce, 0x7d, 0xff, 0x10,
    0xc0, 0x4, 0xfd, 0xc8, 0x1a, 0x1c, 0xee, 0x10,
    0x7, 0x8e, 0xa3, 0x56, 0x32, 0x4, 0x3, 0xd3,
    0xfb, 0xe6, 0xd, 0x83, 0x84,

    /* U+6B63 "正" */
    0x1, 0x33, 0xff, 0xe0, 0x8, 0x1, 0xb3, 0x3f,
    0xf8, 0x10, 0x0, 0x7f, 0xfe, 0xc0, 0xff, 0xe9,
    0x0, 0xff, 0xe4, 0x28, 0x80, 0x7f, 0xf0, 0xa9,
    0x40, 0x3f, 0xf9, 0x1f, 0xfc, 0x1, 0xff, 0x66,
    0x70, 0x7, 0xfc, 0x67, 0xc0, 0x1f, 0xfe, 0x61,
    0xdd, 0x5, 0x6e, 0xc1, 0xbb, 0xe1, 0x14, 0x42,
    0xae, 0x21, 0x75, 0x11, 0xe1,

    /* U+6C34 "水" */
    0x0, 0xf9, 0xb8, 0x3, 0xff, 0xb0, 0x20, 0x11,
    0x19, 0xe1, 0x0, 0xe6, 0xe1, 0x0, 0x56, 0x66,
    0x80, 0x15, 0x4, 0x9a, 0x10, 0x4, 0x7f, 0xc5,
    0x80, 0x8, 0x4b, 0xa5, 0x0, 0xf1, 0x92, 0x0,
    0xb5, 0xd2, 0x80, 0x7d, 0x2a, 0x20, 0x9, 0x1,
    0x0, 0xf8, 0xd6, 0x0, 0x22, 0x8b, 0x20, 0xf,
    0x73, 0x10, 0x6, 0x76, 0xc2, 0x0, 0xd6, 0x12,
    0x1, 0xe9, 0x4d, 0x60, 0x6, 0x36, 0x0, 0x7e,
    0xa8, 0x96, 0xe, 0xd1, 0x3, 0x4f, 0x30, 0xc,
    0xfa, 0xc0, 0x40, 0x12, 0xdb, 0xd0, 0x7, 0x10,
    0x0,

    /* U+6CB9 "油" */
    0x2, 0xa4, 0x0, 0xe4, 0xe0, 0xe, 0x2c, 0xac,
    0x10, 0xf, 0xf9, 0xba, 0x44, 0x3, 0xff, 0x82,
    0xa5, 0xff, 0x58, 0xff, 0xdc, 0x14, 0x60, 0x1b,
    0xb9, 0x43, 0xdc, 0xa0, 0x1, 0x65, 0x8, 0x0,
    0x46, 0x1, 0x18, 0x1, 0x1a, 0x20, 0x1f, 0xfc,
    0x12, 0xb1, 0x0, 0x2a, 0x8c, 0x55, 0x46, 0x1,
    0xfa, 0x21, 0x41, 0x10, 0xa0, 0xc, 0xee, 0x0,
    0x6e, 0xa4, 0x77, 0x52, 0x1, 0xc, 0x18, 0x7,
    0xff, 0x2, 0xd1, 0x0, 0x1f, 0xf2, 0xaa, 0x40,
    0x2f, 0xf5, 0x8f, 0xfa, 0xc0, 0x3, 0x4, 0x1,
    0x6e, 0xfa, 0x40, 0x8, 0xe0, 0x2, 0xe2, 0x2f,
    0x37, 0x0,

    /* U+6D4B "测" */
    0x0, 0xff, 0xe2, 0x26, 0xc1, 0x7f, 0x75, 0xe4,
    0x0, 0x1e, 0x4, 0xf2, 0x10, 0xee, 0x88, 0xb,
    0x0, 0x31, 0x51, 0x80, 0x30, 0x3, 0x8, 0x4,
    0x20, 0x1c, 0x40, 0x1f, 0xf, 0x50, 0x80, 0x7f,
    0xc3, 0xad, 0x40, 0x1f, 0xfc, 0x2, 0xca, 0x0,
    0xff, 0xe1, 0x8, 0x7, 0xff, 0xa, 0x0, 0x3f,
    0xf8, 0x2a, 0xa0, 0x0, 0x98, 0x7, 0xf4, 0xd0,
    0x42, 0x20, 0x2c, 0xcd, 0x40, 0x11, 0x99, 0x81,
    0xe7, 0x30, 0xe2, 0x27, 0x0, 0xa5, 0x44, 0x29,
    0x96, 0x70, 0x40, 0x38, 0xa4, 0x20, 0xa8, 0x15,
    0x60, 0xde, 0x60, 0x83, 0x8, 0x80, 0x5, 0x8,
    0x1b, 0xf0,

    /* U+6D88 "消" */
    0x3, 0xa2, 0x1, 0x50, 0x2, 0x70, 0x0, 0x5c,
    0x0, 0x7b, 0xa7, 0x18, 0x60, 0xe, 0x8b, 0x0,
    0x9f, 0x50, 0x26, 0x42, 0x1, 0x23, 0x70, 0x6,
    0x23, 0x4, 0xa1, 0x0, 0x9b, 0x8, 0x7, 0x58,
    0x2, 0xea, 0xfb, 0x1f, 0xdc, 0x80, 0x1e, 0xbb,
    0x0, 0x55, 0xbb, 0xca, 0x20, 0x3, 0xcc, 0x0,
    0x42, 0x45, 0xc6, 0x1, 0x85, 0xc0, 0x2b, 0xff,
    0xe6, 0x0, 0xe4, 0x40, 0x2, 0xff, 0xf9, 0x80,
    0x3a, 0xc, 0x2, 0x11, 0xe0, 0xe, 0x43, 0x60,
    0x5, 0xf7, 0x73, 0x0, 0x69, 0x81, 0x0, 0x5f,
    0xff, 0x30, 0x4, 0xe6, 0xe0, 0x1f, 0x8, 0x8c,
    0x40, 0x3, 0x0, 0x1f, 0xb3, 0x92, 0xc0, 0xc,
    0xc0, 0xb, 0xd0, 0x2, 0xdf, 0xe3, 0x0,

    /* U+6E05 "清" */
    0x4, 0x80, 0xf, 0x6a, 0x80, 0x79, 0x47, 0x8f,
    0x7b, 0xa2, 0xbe, 0xe9, 0xc0, 0x3, 0x36, 0x5b,
    0xdd, 0x15, 0xf7, 0x4e, 0x1, 0x94, 0x5f, 0x76,
    0x2b, 0xdd, 0x84, 0x6, 0x4, 0x0, 0xfb, 0xb1,
    0x5e, 0xec, 0x20, 0x3, 0xf5, 0x7e, 0xec, 0x77,
    0xdd, 0x84, 0x57, 0x4, 0xfd, 0xbb, 0xf6, 0x70,
    0x80, 0x19, 0xc1, 0x33, 0xff, 0xba, 0x40, 0x39,
    0x44, 0xb, 0x77, 0xa8, 0x3, 0xd4, 0xa0, 0x59,
    0x9d, 0x20, 0x1c, 0xe6, 0x80, 0x5b, 0xbd, 0x0,
    0x18, 0x66, 0x40, 0x2, 0xee, 0xe8, 0x0, 0xd2,
    0x4a, 0x0, 0x2e, 0xee, 0x80, 0xd, 0xf0, 0x1,
    0xf2, 0x7c, 0xe0, 0x4, 0xe8, 0x0, 0x4c, 0x0,
    0x93, 0xfc, 0xe0, 0x0,

    /* U+6E29 "温" */
    0x0, 0x20, 0x7, 0xff, 0x8, 0xa7, 0xc, 0x3f,
    0xfe, 0xb0, 0x8, 0xb5, 0x74, 0x43, 0xbf, 0xf4,
    0x0, 0x7a, 0x7c, 0x40, 0x3f, 0xf8, 0x42, 0x0,
    0xef, 0xfd, 0x0, 0x10, 0xd2, 0x0, 0x6e, 0xff,
    0xd0, 0x1, 0xf, 0x4d, 0x80, 0x59, 0xbb, 0xa4,
    0x3, 0x26, 0xf0, 0x3, 0x3b, 0xbb, 0x64, 0x3,
    0x94, 0x0, 0x45, 0xf1, 0x80, 0x71, 0xa4, 0xf7,
    0x7e, 0x30, 0xd, 0x18, 0xf, 0xe3, 0xf0, 0xfe,
    0x20, 0x19, 0x11, 0x20, 0x1f, 0xfc, 0x18, 0x71,
    0x0, 0xff, 0xe0, 0x31, 0x40, 0x7, 0xff, 0x7,
    0x60, 0x39, 0x9f, 0xc7, 0xe1, 0xfc, 0x71, 0x2,
    0xd8, 0x3b, 0xff, 0xfc, 0x80,

    /* U+6E90 "源" */
    0x3, 0x30, 0x7, 0xff, 0x9, 0xb2, 0x43, 0x3f,
    0xff, 0x80, 0xb, 0xa8, 0x80, 0x9e, 0xe9, 0x73,
    0xba, 0x0, 0x8b, 0x50, 0x0, 0x22, 0x25, 0x21,
    0x18, 0x3, 0xf6, 0xf6, 0x7, 0xf7, 0x8, 0x13,
    0x4c, 0x2, 0x33, 0x67, 0xfb, 0xb8, 0x2, 0x8,
    0x8c, 0x70, 0x10, 0x3, 0x11, 0x60, 0xd, 0x34,
    0x60, 0x1, 0xf, 0x99, 0xc2, 0x1, 0x95, 0x0,
    0x9c, 0x26, 0xef, 0x8, 0x7, 0x30, 0x81, 0x1e,
    0x77, 0xfb, 0x80, 0x40, 0x25, 0x85, 0x11, 0x67,
    0xf0, 0xe7, 0xe1, 0x0, 0x53, 0x2c, 0x40, 0xb6,
    0x0, 0x9b, 0xc0, 0x25, 0x27, 0x5c, 0x47, 0x70,
    0x4, 0xe3, 0x20, 0x8, 0x64, 0x27, 0xfe, 0x0,
    0xef, 0x20, 0x2, 0xc1, 0x40, 0xd9, 0xe7, 0x99,
    0x1, 0xd8, 0x2, 0x1, 0x9c, 0x2, 0xcf, 0xd1,
    0x0, 0xc0,

    /* U+6ED1 "滑" */
    0x0, 0x10, 0x7, 0xff, 0x8, 0x72, 0x40, 0xf,
    0xff, 0xec, 0x0, 0x87, 0xd7, 0x40, 0xb, 0xff,
    0xa8, 0x3, 0x87, 0x2c, 0x0, 0x9b, 0xab, 0x0,
    0xfe, 0x60, 0x2, 0x6e, 0x28, 0x7, 0xb1, 0x80,
    0xae, 0x92, 0xe8, 0x6e, 0x4e, 0xd4, 0x22, 0x16,
    0x29, 0x35, 0xfe, 0xbf, 0x8b, 0x2, 0x4, 0xf2,
    0x1, 0x67, 0x7f, 0x84, 0x2, 0x19, 0x3e, 0xbd,
    0xff, 0xed, 0xa7, 0x0, 0x88, 0x80, 0x7, 0xee,
    0xd2, 0x1, 0xe8, 0xb0, 0x3, 0xf7, 0x68, 0x0,
    0xe3, 0x5b, 0x0, 0x3e, 0xee, 0x90, 0xe, 0xf6,
    0x20, 0x3, 0xee, 0xe9, 0x0, 0xca, 0x70, 0x1,
    0x36, 0x66, 0xe0, 0xc, 0xf4, 0x20, 0x1e, 0x1f,
    0xd7, 0x0, 0x89, 0x40, 0x29, 0x80, 0x0, 0xff,
    0x48, 0x0,

    /* U+6EE1 "满" */
    0x1, 0x60, 0xd, 0x12, 0x0, 0xc5, 0x0, 0xc7,
    0x58, 0x97, 0x65, 0x7b, 0xb1, 0xcd, 0xd8, 0x0,
    0x58, 0xa3, 0xfe, 0x75, 0xff, 0x12, 0x7f, 0x80,
    0x34, 0xab, 0x33, 0x30, 0xcc, 0x5c, 0x66, 0x0,
    0x10, 0x0, 0x9f, 0xeb, 0x8c, 0xf7, 0x9f, 0xf1,
    0xf, 0xf2, 0xa6, 0xec, 0x3f, 0xa3, 0xbb, 0x10,
    0xdd, 0x0, 0x37, 0xfc, 0x3d, 0xe3, 0xfe, 0xa0,
    0x9, 0x14, 0xe, 0xb4, 0x3a, 0xcf, 0xa0, 0x40,
    0x33, 0x90, 0x8, 0xfe, 0x0, 0xc3, 0x2, 0x0,
    0xb3, 0xac, 0x38, 0x0, 0xe8, 0x43, 0x1, 0x6f,
    0xc7, 0xc6, 0xe0, 0x8, 0x9b, 0xc0, 0x19, 0x25,
    0xec, 0x59, 0xc0, 0x14, 0x1a, 0x0, 0x35, 0xc2,
    0x20, 0x4, 0x1, 0xbf, 0xc0, 0x1e, 0x10, 0x2c,
    0xbc, 0x0, 0x29, 0x80, 0x3d, 0x0, 0x31, 0x66,
    0xb8, 0x0,

    /* U+7259 "牙" */
    0x0, 0x7f, 0xff, 0xf0, 0xc, 0x1, 0xbb, 0xf8,
    0xa3, 0x74, 0x60, 0x2, 0x85, 0x22, 0xe0, 0x22,
    0x80, 0x32, 0x10, 0x7, 0xff, 0x0, 0x44, 0x80,
    0x1f, 0xfc, 0x4, 0x20, 0x11, 0xe0, 0x31, 0x18,
    0x1, 0xe5, 0xdd, 0xe2, 0x9e, 0xe8, 0x1, 0x7d,
    0xdc, 0x84, 0x33, 0xdd, 0x0, 0x4, 0x70, 0x53,
    0x61, 0x98, 0x46, 0x0, 0xe4, 0xf0, 0xd1, 0x0,
    0xfc, 0x35, 0x71, 0x60, 0x1f, 0x8a, 0x78, 0x79,
    0x80, 0x3f, 0xbc, 0xb2, 0xc4, 0x4, 0x88, 0x60,
    0x1d, 0xb6, 0x60, 0x11, 0x6e, 0x89, 0x0, 0x20,

    /* U+72B6 "状" */
    0x0, 0xde, 0x40, 0x16, 0x28, 0x28, 0x7, 0xff,
    0x4, 0xc6, 0x18, 0x2, 0xd5, 0x0, 0xfc, 0x3f,
    0x26, 0x0, 0xea, 0x30, 0xf, 0x18, 0x16, 0x98,
    0x0, 0xe2, 0xc1, 0x7b, 0xa3, 0xae, 0xe6, 0x68,
    0x4, 0xf0, 0x9, 0x55, 0x1, 0xd5, 0x52, 0x1,
    0x84, 0x5, 0x10, 0xa0, 0x48, 0x98, 0x2, 0x1c,
    0x0, 0xca, 0x20, 0x60, 0x1c, 0x58, 0x80, 0x1b,
    0x51, 0xe8, 0x3, 0x16, 0x2c, 0x80, 0x67, 0xeb,
    0x61, 0x0, 0x8a, 0x20, 0x1, 0x9c, 0xd0, 0x96,
    0xc0, 0x33, 0x0, 0x62, 0x89, 0x0, 0x42, 0xb8,
    0x7, 0xcd, 0xec, 0x80, 0x2, 0xb8, 0x80, 0x7,
    0xb1, 0xe4, 0x3, 0x25, 0x98, 0x0,

    /* U+72EC "独" */
    0x8, 0x20, 0x65, 0x0, 0x93, 0x80, 0x3d, 0xb8,
    0x92, 0xc0, 0x1f, 0xf2, 0xb5, 0xc1, 0x88, 0xe0,
    0x11, 0x80, 0x21, 0x50, 0x30, 0xfe, 0xe5, 0xf,
    0x74, 0x80, 0x3e, 0x8f, 0xc0, 0xc, 0xfb, 0x1f,
    0xf0, 0x80, 0x7, 0x67, 0x10, 0x3, 0xff, 0x80,
    0x60, 0x42, 0x1, 0xff, 0xc1, 0x29, 0x0, 0x94,
    0xc8, 0xc, 0xc0, 0x18, 0x72, 0x0, 0x4a, 0xfa,
    0x7, 0xb8, 0x6e, 0x5, 0xec, 0xc0, 0x1c, 0xdd,
    0x50, 0xec, 0xf1, 0x81, 0x54, 0x18, 0x7, 0xe2,
    0xe0, 0x9, 0x1, 0x88, 0x3, 0xc6, 0x62, 0x50,
    0x0, 0x97, 0x3b, 0x5e, 0xf5, 0x8e, 0xc9, 0xc8,
    0x2, 0x35, 0xe0, 0xb6, 0x37, 0xbf, 0xb3, 0x40,
    0x40,

    /* U+73B0 "现" */
    0x2, 0x2e, 0x1f, 0xff, 0x80, 0x2d, 0xde, 0x50,
    0xee, 0xda, 0x1, 0xbf, 0xc1, 0x9e, 0xa0, 0x22,
    0x31, 0x0, 0xff, 0xe0, 0x96, 0x80, 0x7f, 0xf2,
    0xb3, 0xc3, 0x30, 0x1, 0xff, 0x76, 0x85, 0x70,
    0x4, 0x22, 0x0, 0xf1, 0x10, 0x18, 0x80, 0x27,
    0x30, 0xf, 0xf8, 0x60, 0xc, 0x48, 0x90, 0x1,
    0xf0, 0x89, 0xc2, 0xde, 0x1, 0xc0, 0x31, 0x86,
    0xf2, 0x1, 0x8e, 0x0, 0x50, 0x25, 0xd8, 0x53,
    0xaa, 0x3d, 0x20, 0x19, 0xc, 0x9b, 0x74, 0xe4,
    0x4c, 0x54, 0x0, 0xc4, 0x40, 0x82, 0x0, 0x2e,
    0xd4, 0x2, 0x23, 0xb8, 0xe0, 0x1e, 0x5c, 0x70,
    0x1, 0xf7, 0x52, 0x0,

    /* U+7528 "用" */
    0x0, 0x88, 0xbf, 0xe0, 0x9, 0x37, 0x7f, 0xe4,
    0x0, 0x87, 0xfe, 0xb1, 0xff, 0xc2, 0x1, 0xff,
    0xc8, 0x55, 0xb0, 0x55, 0x70, 0x80, 0x61, 0x99,
    0x94, 0x26, 0x70, 0x7, 0x16, 0x65, 0x23, 0x99,
    0x84, 0x2, 0x10, 0xf, 0xfe, 0x11, 0x97, 0xfd,
    0x63, 0xff, 0x84, 0x2, 0xe4, 0xcc, 0xa4, 0x73,
    0x30, 0x80, 0x47, 0x86, 0x71, 0x1, 0x9e, 0x0,
    0x85, 0x14, 0x3, 0xff, 0x81, 0x26, 0x40, 0x1e,
    0x11, 0x10, 0xb8, 0x2f, 0x80, 0x7d, 0x3d, 0xa6,
    0x60, 0xd3, 0x0, 0xc9, 0xc1, 0x1f, 0xec, 0x0,

    /* U+7535 "电" */
    0x0, 0xee, 0x50, 0xf, 0x84, 0x78, 0xc, 0x47,
    0x80, 0x1f, 0xdd, 0x86, 0x7b, 0xb7, 0x80, 0x55,
    0xdd, 0xc, 0xf7, 0x54, 0x1, 0x84, 0x70, 0x18,
    0x8e, 0x0, 0xd5, 0xbb, 0xd, 0xee, 0xd4, 0x1,
    0xa6, 0x70, 0x4c, 0xf0, 0x6, 0x34, 0x48, 0x49,
    0x12, 0x30, 0xc, 0x67, 0x84, 0x8c, 0xe2, 0x0,
    0xd1, 0x99, 0x4, 0x66, 0x52, 0x1, 0x1d, 0xff,
    0xc3, 0x5f, 0xfb, 0x9c, 0xb5, 0x0, 0x3f, 0xd4,
    0xe0, 0x1c, 0x78, 0x45, 0x94, 0x9c, 0x3, 0xad,
    0xf7, 0x75, 0x31, 0x0,

    /* U+7ACB "立" */
    0x0, 0xf8, 0x80, 0x3f, 0xf8, 0x7a, 0x80, 0x1f,
    0xfc, 0x25, 0xd0, 0xf, 0xc2, 0x67, 0xda, 0x26,
    0x7c, 0x20, 0x7, 0xcc, 0xe8, 0x7c, 0xce, 0x70,
    0x3, 0x7f, 0xbb, 0xff, 0xdb, 0xfe, 0x60, 0xc,
    0x3c, 0x60, 0x18, 0xb4, 0xc0, 0x3c, 0x26, 0x80,
    0x19, 0x4, 0xc0, 0x3e, 0x4c, 0x0, 0xda, 0xe0,
    0x1f, 0xb1, 0x0, 0x32, 0x68, 0x7, 0xe4, 0x3,
    0x0, 0x28, 0xa0, 0x7, 0xf1, 0x28, 0x3, 0x9c,
    0x3, 0xfd, 0x28, 0x2, 0x94, 0x1, 0xc3, 0xbb,
    0xa7, 0xf7, 0xc3, 0xb7, 0x70, 0x8a, 0x23, 0xeb,
    0xa8, 0x8e, 0x10,

    /* U+7B49 "等" */
    0x0, 0x94, 0x3, 0x94, 0x40, 0x3e, 0x78, 0x0,
    0xc5, 0x46, 0x1, 0xf4, 0x97, 0xfd, 0x92, 0x1b,
    0xff, 0x84, 0x29, 0x38, 0x37, 0xed, 0x7b, 0x7,
    0xbf, 0xc2, 0x41, 0x43, 0x2, 0x18, 0xc2, 0x6c,
    0xa0, 0x11, 0x54, 0x74, 0xef, 0x23, 0xf7, 0x1a,
    0xa8, 0x1, 0xa7, 0x33, 0x2a, 0xb3, 0x35, 0x80,
    0x42, 0x6, 0x78, 0xc, 0xf8, 0x4, 0xb, 0xbb,
    0xca, 0xdd, 0xde, 0x32, 0xff, 0xfe, 0x92, 0xff,
    0x8c, 0x2b, 0xff, 0xf4, 0x97, 0xfb, 0x0, 0x17,
    0xd8, 0x77, 0xdd, 0xa4, 0xbb, 0x9a, 0x0, 0x11,
    0x1d, 0xd9, 0x44, 0x60, 0x0, 0x8c, 0x1, 0xcf,
    0x54, 0x1, 0x18, 0x3, 0xfc, 0xbc, 0x1b, 0xd0,
    0xa0, 0x1f, 0xfc, 0xc, 0xff, 0x40, 0x6,

    /* U+7EA6 "约" */
    0x0, 0xfe, 0x10, 0xf, 0xc5, 0xc2, 0x1, 0x71,
    0x80, 0x7d, 0x68, 0x20, 0x5, 0x13, 0x0, 0xf1,
    0x34, 0x0, 0x5e, 0xa8, 0x98, 0xc0, 0x12, 0xe4,
    0xc8, 0x2a, 0xd3, 0x35, 0x70, 0x33, 0x20, 0xa5,
    0xe1, 0x37, 0x75, 0x0, 0xc9, 0x7e, 0xb9, 0x24,
    0x0, 0x61, 0x1b, 0x39, 0xce, 0x7, 0x6a, 0x80,
    0x1e, 0x37, 0x5d, 0x0, 0xa4, 0x6c, 0x0, 0x6e,
    0xd, 0x2f, 0x79, 0x60, 0xb, 0x79, 0x1, 0x10,
    0x52, 0x97, 0xf5, 0x80, 0x5a, 0x21, 0xe6, 0x19,
    0x50, 0xa4, 0x1, 0x86, 0x0, 0x84, 0x5, 0x1a,
    0x73, 0x80, 0x3c, 0xdc, 0x1d, 0x39, 0xd1, 0xe0,
    0x11, 0x9, 0x99, 0x43, 0xb6, 0x9d, 0x4, 0x2,
    0xfe, 0xc5, 0x30, 0x10, 0xf, 0xdb, 0xfe, 0xa0,

    /* U+7F6E "置" */
    0x1, 0xfd, 0xd7, 0x7e, 0xeb, 0xfb, 0x75, 0xe8,
    0x1, 0xb7, 0x50, 0x9b, 0xa4, 0x8d, 0xd0, 0x80,
    0x75, 0xdc, 0xb7, 0x65, 0xbb, 0x84, 0x2, 0x1d,
    0x99, 0x7e, 0x39, 0xe7, 0xcc, 0xb5, 0x0, 0x17,
    0xff, 0xc6, 0xdf, 0xfd, 0x20, 0x9, 0xff, 0xdc,
    0x1b, 0xff, 0xd0, 0x0, 0x22, 0x4f, 0x74, 0x1f,
    0xdd, 0x49, 0x8, 0x6, 0x5f, 0xcd, 0xfc, 0xca,
    0x14, 0x3, 0xef, 0xbb, 0xf4, 0x0, 0x7e, 0x4d,
    0xdf, 0x28, 0x7, 0xee, 0x22, 0xf7, 0x0, 0x7e,
    0xaf, 0xff, 0x58, 0x7, 0xef, 0xbb, 0xf4, 0x0,
    0x77, 0x70, 0x77, 0xbb, 0xd4, 0x3d, 0xc1,

    /* U+8054 "联" */
    0x0, 0xfc, 0x60, 0x10, 0x98, 0x0, 0x7f, 0xfb,
    0x83, 0x94, 0x1, 0x3e, 0x0, 0x1b, 0x2e, 0xe1,
    0x50, 0x45, 0x80, 0xbf, 0x80, 0x4e, 0x2, 0x20,
    0x70, 0x54, 0x18, 0x53, 0x0, 0xc6, 0x44, 0x0,
    0x57, 0xaf, 0x32, 0xfc, 0x0, 0x43, 0xfe, 0x20,
    0x8c, 0xc0, 0x46, 0x62, 0x80, 0x22, 0xdd, 0x10,
    0x11, 0x98, 0x4c, 0xe2, 0x0, 0xff, 0xe3, 0x97,
    0xf8, 0x83, 0xfe, 0x1b, 0xff, 0x88, 0x0, 0x5f,
    0xe2, 0xf, 0xf6, 0x4, 0xff, 0xc4, 0x1, 0xe7,
    0x10, 0x40, 0xa0, 0xe, 0x42, 0xac, 0x2a, 0x40,
    0xa9, 0x16, 0x0, 0xd8, 0xd9, 0xe5, 0xab, 0x0,
    0xd3, 0x23, 0x0, 0xae, 0x58, 0xc0, 0x10, 0xde,
    0x9, 0x18, 0xe0, 0x1f, 0x22, 0xe9, 0x0, 0x1e,
    0xb0, 0x3, 0xda, 0xfa, 0x60, 0x19, 0x6c, 0x0,

    /* U+80CE "胎" */
    0x0, 0xfe, 0x35, 0x0, 0xf2, 0x7f, 0xe2, 0x0,
    0x46, 0x0, 0x7c, 0x5d, 0xc0, 0x8, 0x92, 0x0,
    0x40, 0x3c, 0x22, 0x0, 0xa1, 0x84, 0xb8, 0x80,
    0x38, 0x44, 0x0, 0x44, 0x48, 0x13, 0xf0, 0x6,
    0x2e, 0xe0, 0x2, 0x6c, 0x4, 0xb0, 0xd8, 0x2,
    0x2f, 0xf0, 0x49, 0x57, 0xf6, 0xd1, 0x40, 0x4,
    0x20, 0x17, 0x56, 0x6f, 0x7f, 0x6a, 0x18, 0x8,
    0x88, 0x80, 0xe8, 0x20, 0x64, 0x55, 0x18, 0x0,
    0xb7, 0x40, 0xd, 0xdf, 0x8c, 0x0, 0x4b, 0xfe,
    0x0, 0xab, 0xff, 0x8, 0x5, 0xc4, 0x1, 0xff,
    0xc2, 0x2d, 0x0, 0xff, 0xe1, 0x23, 0x88, 0x80,
    0xc2, 0x33, 0x30, 0x80, 0x8, 0xca, 0x79, 0x4,
    0x16, 0x67, 0x0, 0x45, 0x81, 0x1f, 0x61, 0xb0,
    0xab, 0xb8, 0xc0,

    /* U+84DD "蓝" */
    0x1, 0x19, 0xb4, 0x47, 0x6a, 0x88, 0xc0, 0xe,
    0xea, 0x4b, 0xbb, 0x15, 0x77, 0x42, 0x1f, 0xf5,
    0x1f, 0xfe, 0x3b, 0xff, 0x84, 0x0, 0x82, 0xae,
    0x60, 0xd, 0xf4, 0x0, 0xf5, 0x28, 0x2b, 0x82,
    0x16, 0x7f, 0xce, 0x1, 0xfd, 0xf1, 0x71, 0xdc,
    0x70, 0xf, 0xca, 0xa7, 0x69, 0x21, 0x0, 0xfe,
    0x1a, 0x2, 0x8e, 0x0, 0xef, 0x40, 0x96, 0x44,
    0x0, 0x1a, 0x80, 0x39, 0xfb, 0x93, 0x9d, 0xdd,
    0x30, 0x1, 0x85, 0x3b, 0x3, 0xb8, 0x19, 0xce,
    0x20, 0x1f, 0xfd, 0x63, 0xf8, 0x5f, 0xd1, 0xff,
    0xe, 0xfb, 0x33, 0xcc,

    /* U+8868 "表" */
    0x0, 0xfa, 0xa0, 0x3, 0xf2, 0x7f, 0xf2, 0xbf,
    0xff, 0x28, 0x1, 0x3b, 0xb9, 0x5f, 0xbb, 0x94,
    0x2, 0x7c, 0xcc, 0x8d, 0x99, 0xa4, 0x3, 0x3f,
    0xfe, 0x57, 0xff, 0xd2, 0x1, 0x8, 0x19, 0xe1,
    0x3, 0x3c, 0x2, 0x0, 0xfe, 0xee, 0x56, 0xee,
    0xed, 0x0, 0x77, 0xfd, 0x23, 0x43, 0x7f, 0xf6,
    0x60, 0x3, 0x15, 0x46, 0xac, 0x40, 0x1, 0x3a,
    0x40, 0x2, 0x9d, 0x5b, 0x30, 0x61, 0x9c, 0x2f,
    0x20, 0x1c, 0x3d, 0x10, 0xd, 0xec, 0xf6, 0x20,
    0x1, 0xea, 0x20, 0x8, 0x54, 0x2d, 0x28, 0x40,
    0x3c, 0x3f, 0x9d, 0xc0, 0x4d, 0x7e, 0x91, 0x0,
    0x90, 0x6, 0xba, 0xc8, 0xb, 0x6c, 0x4, 0x2,
    0x4e, 0xb6, 0x10, 0xe, 0x49, 0x0,

    /* U+89C6 "视" */
    0x0, 0x13, 0x80, 0x7f, 0xf0, 0x8e, 0x58, 0x1,
    0xdf, 0xfe, 0x40, 0x8, 0x6f, 0xc0, 0x2b, 0xee,
    0xc2, 0x1, 0x6e, 0xa1, 0x34, 0x41, 0xc6, 0x4c,
    0x40, 0x37, 0x75, 0x40, 0x20, 0x13, 0x8, 0x7,
    0x19, 0xd5, 0x60, 0x1f, 0xfc, 0x18, 0x6, 0x0,
    0xff, 0xe0, 0x33, 0x88, 0x7, 0x8, 0x7, 0x9e,
    0x40, 0x16, 0x1, 0x8, 0x10, 0x6, 0x38, 0x80,
    0xfb, 0x9c, 0x12, 0x82, 0x84, 0x28, 0x1e, 0xb8,
    0x3, 0xd, 0x87, 0x47, 0xc1, 0x84, 0x0, 0x40,
    0x1e, 0x27, 0x90, 0xa, 0x4, 0x3, 0xe1, 0xfb,
    0x10, 0x9, 0x40, 0x3e, 0x3c, 0xb5, 0x0, 0xc4,
    0x20, 0x1c, 0x3d, 0x2c, 0x8, 0xbd, 0xc6, 0x0,
    0xdc, 0x63, 0xa8, 0x0, 0x2e, 0xea, 0x40,

    /* U+8B66 "警" */
    0x0, 0xff, 0xe2, 0xf, 0xff, 0xce, 0x3a, 0x1,
    0xc3, 0x92, 0x58, 0xe9, 0x8d, 0x67, 0xba, 0xfd,
    0x10, 0x2b, 0x69, 0x30, 0x98, 0x75, 0xd8, 0x4d,
    0x11, 0x60, 0x8, 0x6f, 0xf, 0xe8, 0xd5, 0xc8,
    0x0, 0x78, 0x23, 0x3c, 0x88, 0xc2, 0x68, 0x6c,
    0x1, 0x11, 0xd7, 0x14, 0xfa, 0xff, 0x72, 0x63,
    0x44, 0xb, 0x6e, 0xdf, 0x5b, 0xfa, 0x86, 0xff,
    0x22, 0x17, 0x55, 0x6e, 0x88, 0xea, 0xbb, 0x0,
    0x11, 0x20, 0x45, 0xf8, 0xe6, 0x0, 0x35, 0x7f,
    0xfe, 0xe0, 0xf, 0x29, 0x9f, 0xf0, 0x7, 0xab,
    0x33, 0xf5, 0x88, 0x7, 0x1c, 0xdd, 0xfa, 0x8c,
    0x3, 0xee, 0xbb, 0xf5, 0x0, 0x7d, 0xf9, 0x77,
    0xf7, 0x88, 0x0,

    /* U+8BB0 "记" */
    0x0, 0x51, 0x80, 0x4, 0xcf, 0xe0, 0xd, 0x98,
    0x30, 0x6c, 0xcf, 0x80, 0x33, 0x4e, 0x83, 0xff,
    0xf6, 0x80, 0x79, 0xbc, 0x3, 0xfe, 0x26, 0x68,
    0x3, 0xff, 0x80, 0xf5, 0x49, 0x50, 0x0, 0x8f,
    0x80, 0x25, 0xcc, 0x8, 0x0, 0xfb, 0xbb, 0x0,
    0x3f, 0xee, 0xed, 0x80, 0x1f, 0xf0, 0x8e, 0x3f,
    0x0, 0xff, 0xe5, 0xa0, 0x7, 0xe8, 0x0, 0xe8,
    0xa6, 0x0, 0xf1, 0x38, 0x4, 0x62, 0xfe, 0xe0,
    0x84, 0x5a, 0x88, 0x2, 0x78, 0xb1, 0x25, 0xbd,
    0xdc, 0xd0, 0x0,

    /* U+8BBE "设" */
    0x0, 0x8, 0x7, 0xff, 0xf, 0x60, 0x2, 0x2f,
    0xfd, 0xc0, 0x1d, 0xad, 0x0, 0x1b, 0xb9, 0x60,
    0x1e, 0x1c, 0x50, 0x0, 0x8e, 0x70, 0xf, 0x8b,
    0x40, 0x8, 0xa0, 0x1, 0x0, 0xe3, 0x38, 0x0,
    0x53, 0xe0, 0x10, 0xaa, 0x80, 0xf3, 0x22, 0x4c,
    0x64, 0x0, 0x13, 0xf7, 0x4, 0xff, 0xc0, 0x4,
    0x8a, 0x22, 0xd5, 0x36, 0x20, 0x1e, 0xad, 0xdf,
    0x8c, 0x3, 0xec, 0x1c, 0xff, 0xa0, 0x8c, 0x3,
    0xf4, 0x70, 0x0, 0xa2, 0x40, 0x3e, 0x40, 0x66,
    0x59, 0x7b, 0xa0, 0x7, 0xa2, 0x88, 0x2d, 0xb5,
    0xe0, 0x3, 0x90, 0x7, 0xc8, 0xec, 0xd1, 0x64,
    0x80, 0x36, 0x3d, 0x97, 0x69, 0xfd, 0xe1, 0x6e,
    0x84, 0x1, 0x10, 0x3, 0xae, 0x81, 0x3, 0xbe,
    0x91,

    /* U+8BFB "读" */
    0x0, 0x40, 0x80, 0x72, 0x70, 0x7, 0xec, 0x20,
    0x8f, 0xf5, 0x8f, 0xfc, 0x60, 0x14, 0x54, 0x84,
    0x77, 0x2c, 0x7b, 0xa3, 0x0, 0xcf, 0x60, 0xce,
    0xec, 0x17, 0x79, 0x0, 0x6, 0x70, 0xd, 0x54,
    0x87, 0x54, 0xbf, 0x4, 0xcc, 0x88, 0x71, 0x23,
    0x1a, 0x31, 0xf8, 0x13, 0xfc, 0x1, 0xd, 0xc4,
    0xb8, 0x80, 0xa8, 0x7, 0xd7, 0x3d, 0x40, 0x15,
    0x80, 0x7e, 0xaf, 0xa3, 0x21, 0x0, 0xfe, 0x7f,
    0xa7, 0xf0, 0xbf, 0xf8, 0x40, 0x30, 0xff, 0xe4,
    0x5c, 0xff, 0x84, 0x3, 0x60, 0x80, 0x21, 0x6e,
    0x30, 0x40, 0x31, 0x84, 0x49, 0x5b, 0x60, 0xdd,
    0xbc, 0xc0, 0x26, 0xa7, 0x6d, 0x2f, 0x20, 0x3,
    0xde, 0x88, 0x1, 0x54, 0xd, 0xd2, 0x20, 0x19,
    0x7c, 0x40,

    /* U+8D25 "败" */
    0x0, 0xfe, 0x45, 0x0, 0xf6, 0x7f, 0xee, 0x0,
    0x6e, 0x0, 0x7d, 0x7d, 0xcc, 0x0, 0x93, 0xc0,
    0x3f, 0x9, 0x8, 0x0, 0x88, 0x2c, 0xd2, 0x80,
    0x63, 0xe0, 0x9, 0x47, 0x36, 0xa3, 0xc0, 0x3f,
    0xa6, 0x2e, 0xd4, 0x94, 0x1, 0xf9, 0x84, 0x2,
    0xed, 0x0, 0xf0, 0x80, 0x5, 0xa8, 0x0, 0x88,
    0x0, 0xe7, 0x0, 0x9e, 0x48, 0xc8, 0x86, 0x1,
    0xc2, 0xc0, 0x1a, 0x3e, 0x9c, 0x3, 0x23, 0x66,
    0x9b, 0x80, 0x18, 0x5e, 0x0, 0x34, 0x13, 0x8d,
    0xc8, 0x4, 0xc0, 0x40, 0x1d, 0x28, 0xcd, 0x0,
    0x25, 0xe7, 0x4c, 0x0, 0x34, 0x96, 0x1d, 0x29,
    0x89, 0xad, 0x18, 0xe0, 0x66, 0xd1, 0x2, 0xc7,
    0x4d, 0x10, 0x6c, 0xf0,

    /* U+8D44 "资" */
    0x0, 0xf8, 0x4c, 0x3, 0xf2, 0x51, 0x80, 0x57,
    0x60, 0xf, 0xcb, 0xba, 0xb1, 0x45, 0x7f, 0xfe,
    0x80, 0x0, 0xbf, 0x61, 0x55, 0x3d, 0x97, 0xf8,
    0x28, 0x3, 0x99, 0x21, 0x49, 0x90, 0x89, 0x4,
    0x0, 0x26, 0xbe, 0x6, 0x2f, 0x7a, 0xc6, 0x70,
    0xb, 0x76, 0xe5, 0x9c, 0xa8, 0x4d, 0x8d, 0x70,
    0x7, 0xdb, 0xb, 0xf, 0xb8, 0x0, 0xf6, 0x48,
    0x3, 0x7f, 0xad, 0xfb, 0xff, 0x9d, 0x40, 0x3b,
    0x37, 0x55, 0x3b, 0xb0, 0x7, 0xe1, 0x22, 0x77,
    0x8, 0xa0, 0xf, 0xf0, 0xa5, 0x80, 0x7f, 0xa0,
    0x87, 0x59, 0x3a, 0x4e, 0x88, 0x3, 0x92, 0x3d,
    0x65, 0xf0, 0x76, 0x18, 0x2, 0xcf, 0xe0, 0xc9,
    0x0, 0x14, 0x74, 0x5d, 0x0, 0x3b, 0xf6, 0x8,
    0x3, 0xcb, 0x94, 0x0,

    /* U+8D5B "赛" */
    0x0, 0xfc, 0x20, 0x1f, 0xfc, 0x29, 0xd0, 0xf,
    0xdb, 0xdd, 0xce, 0x5d, 0xde, 0x0, 0xab, 0xb8,
    0x1b, 0xdc, 0xc1, 0xee, 0x50, 0x5, 0x5, 0x76,
    0x1f, 0xbb, 0x70, 0x5d, 0x86, 0xc0, 0xa, 0xdb,
    0xa0, 0x4d, 0xd5, 0x86, 0xe9, 0x14, 0x3, 0x2a,
    0x83, 0x95, 0x44, 0xa, 0xa1, 0x0, 0xb7, 0xb7,
    0x41, 0x1b, 0xab, 0xd, 0xd7, 0x70, 0x1, 0xbd,
    0x47, 0x5d, 0xdb, 0xe, 0xfb, 0x80, 0x5, 0xcb,
    0x2b, 0xee, 0xda, 0x55, 0xae, 0x22, 0xf9, 0x86,
    0xee, 0x5c, 0x77, 0x15, 0xe7, 0x84, 0x54, 0xa0,
    0x1a, 0x40, 0x39, 0x24, 0x3, 0x17, 0x3, 0x89,
    0xd3, 0x17, 0x0, 0x70, 0xb0, 0x6d, 0xfa, 0xf7,
    0xb6, 0xb0, 0x80, 0x2b, 0xfe, 0x9c, 0x20, 0x49,
    0xef, 0xcb, 0x0, 0x57, 0x64, 0x20, 0x7, 0x92,
    0xa8, 0x0,

    /* U+8F66 "车" */
    0x0, 0xe5, 0x10, 0xf, 0xfe, 0x1, 0xd1, 0x0,
    0x7f, 0x8, 0xd2, 0x44, 0x11, 0xf0, 0x2, 0xfb,
    0xa5, 0x2e, 0xef, 0xac, 0x2f, 0xb8, 0xc5, 0xdc,
    0xcd, 0xee, 0xd6, 0x0, 0x10, 0x69, 0x11, 0x6b,
    0x88, 0xe0, 0xd, 0x68, 0x80, 0xf, 0xf9, 0x55,
    0x88, 0x90, 0x6a, 0x24, 0x60, 0x11, 0xd, 0x4c,
    0xc2, 0xd3, 0x35, 0x0, 0x4f, 0xdb, 0xb8, 0x6f,
    0x76, 0x90, 0xf, 0xfe, 0x2f, 0x7f, 0xf8, 0x6b,
    0xff, 0x83, 0x73, 0x3c, 0x31, 0x99, 0xc0, 0x67,
    0xf0, 0x11, 0x9f, 0x0, 0x7f, 0xf1, 0x0,

    /* U+8F6C "转" */
    0x0, 0xff, 0xe3, 0xd4, 0x0, 0x73, 0x68, 0x7,
    0x22, 0x1c, 0x10, 0xc9, 0x11, 0xac, 0x88, 0x30,
    0x4, 0x49, 0x24, 0x4a, 0xc4, 0x11, 0xa2, 0x14,
    0x0, 0xcb, 0x5f, 0xca, 0x7c, 0xe0, 0xdc, 0xc4,
    0x80, 0x5b, 0xd8, 0x60, 0xaa, 0xb2, 0x55, 0xc2,
    0x4, 0xc8, 0x1, 0x4c, 0x98, 0x26, 0x71, 0x4,
    0x84, 0x84, 0xbe, 0x68, 0x66, 0x71, 0x84, 0x4e,
    0x86, 0x20, 0x30, 0x6e, 0x64, 0xa0, 0x3, 0x44,
    0x2, 0x98, 0x25, 0x4c, 0x94, 0x90, 0x2, 0x25,
    0xf, 0xe2, 0x35, 0x52, 0x3d, 0x88, 0xf, 0xec,
    0x82, 0x69, 0x1e, 0xa6, 0xba, 0x80, 0x7, 0x7f,
    0x2, 0xcc, 0xe, 0x28, 0xe0, 0x3, 0x10, 0x7,
    0xcb, 0xe7, 0x82, 0x1, 0xff, 0xc0, 0x1c, 0x77,
    0x0, 0x7b, 0xcc, 0x3, 0xd4, 0xc0, 0x0,

    /* U+8FD1 "近" */
    0x2, 0x40, 0xe, 0x12, 0x46, 0x9c, 0x50, 0x0,
    0xda, 0x0, 0xf, 0xfb, 0xe3, 0x3a, 0x50, 0x0,
    0x75, 0x64, 0x1, 0x7e, 0xe5, 0x3a, 0x88, 0x4,
    0xae, 0xc0, 0x1f, 0xfc, 0x28, 0x40, 0xf, 0xfe,
    0x2b, 0x87, 0xff, 0xc8, 0x3b, 0xb1, 0x0, 0x7,
    0x32, 0x9, 0xcc, 0x20, 0xc4, 0x8, 0x40, 0x8c,
    0xf0, 0x29, 0x98, 0x0, 0xaa, 0x0, 0xbd, 0x80,
    0x3f, 0xf8, 0x4b, 0x80, 0x1f, 0xfc, 0x12, 0x34,
    0x0, 0xff, 0xe0, 0xd9, 0x98, 0x3, 0xf8, 0x74,
    0xfa, 0xb8, 0x3, 0x41, 0x0, 0x6d, 0x4c, 0x9d,
    0xb5, 0x32, 0x22, 0x2a, 0x9c, 0xc4, 0x24, 0x13,
    0x2, 0x77, 0x75, 0x45, 0x8, 0xb0, 0x2, 0x29,
    0xce, 0xff, 0x77, 0x37, 0x44,

    /* U+8FD4 "返" */
    0x0, 0xff, 0xe2, 0xa2, 0x80, 0x44, 0x68, 0xaf,
    0x39, 0xc8, 0x0, 0x7a, 0x50, 0x6, 0x6c, 0x77,
    0x53, 0xa8, 0x0, 0x3a, 0xa1, 0x0, 0x2b, 0x2e,
    0x5d, 0x4c, 0x3, 0x2d, 0x90, 0x0, 0x48, 0xb8,
    0x40, 0x39, 0x0, 0x2a, 0xdd, 0xee, 0x10, 0x1,
    0x9c, 0x0, 0x1c, 0xff, 0xce, 0x82, 0x5, 0xba,
    0xc0, 0xd, 0x86, 0x2, 0xde, 0x0, 0x2e, 0xc0,
    0x1, 0x1, 0xd6, 0x2d, 0xa2, 0x0, 0x3e, 0x43,
    0x6, 0xba, 0x5b, 0x0, 0xfd, 0x48, 0x3, 0xe2,
    0x56, 0x1, 0xf2, 0x1d, 0x3f, 0x87, 0xe3, 0xe0,
    0x6, 0x50, 0x7b, 0x2d, 0xab, 0x11, 0x62, 0x88,
    0x2, 0xa9, 0x1b, 0xa4, 0x85, 0x11, 0x8e, 0x90,
    0x9, 0xf1, 0xfc, 0x67, 0x7b, 0xb6, 0xe4, 0x1,
    0x68, 0x80, 0xc6, 0xff, 0xfd, 0xa0,

    /* U+8FDE "连" */
    0x0, 0x8, 0x7, 0x21, 0x0, 0x7c, 0xbe, 0x40,
    0x1a, 0x90, 0x3, 0xe5, 0x7f, 0xa, 0xee, 0xc,
    0x77, 0x69, 0x0, 0xa4, 0x56, 0x34, 0x9b, 0x77,
    0xac, 0x3, 0x62, 0x90, 0x9c, 0x1e, 0x9, 0x98,
    0x80, 0x2, 0x30, 0x2, 0x18, 0x40, 0x3e, 0x3e,
    0xe8, 0xd, 0x5b, 0xfc, 0x1b, 0xfe, 0x30, 0x3f,
    0xd0, 0x1, 0xe6, 0xeb, 0x2, 0xf7, 0x46, 0x1,
    0xf1, 0x91, 0xc, 0x18, 0x88, 0x1, 0xf4, 0xd5,
    0x60, 0x9a, 0xa8, 0x3, 0xdc, 0x45, 0x80, 0x8a,
    0xd0, 0xf, 0x3c, 0x46, 0xb, 0x88, 0x38, 0x0,
    0x64, 0x18, 0x3, 0xff, 0x81, 0xaf, 0x76, 0xc5,
    0x31, 0x14, 0x81, 0x1b, 0x19, 0x87, 0x53, 0x6e,
    0x73, 0xb9, 0x3b, 0xac, 0x80, 0x3c, 0x10, 0x3,
    0xe7, 0xfb, 0xba, 0xff, 0x71, 0x80,

    /* U+901F "速" */
    0x5, 0x20, 0xf, 0x72, 0x0, 0x78, 0x70, 0x83,
    0x7f, 0xe1, 0xbf, 0xfb, 0x80, 0x9, 0x18, 0x39,
    0xdd, 0xd, 0x77, 0x5e, 0x1, 0x33, 0xc, 0x4c,
    0xe0, 0x33, 0xc2, 0x1, 0xa0, 0x89, 0xbd, 0xc1,
    0xbe, 0xe6, 0x98, 0x14, 0x44, 0x20, 0x39, 0x81,
    0x9c, 0xc0, 0x80, 0x44, 0x47, 0x20, 0x1, 0x98,
    0x8, 0xcc, 0x1, 0x15, 0x50, 0x40, 0x5, 0xfa,
    0x33, 0xfe, 0x21, 0x0, 0xf1, 0x66, 0xc, 0x0,
    0xb9, 0x82, 0x0, 0xfd, 0x94, 0x34, 0x7a, 0x40,
    0x1f, 0x1e, 0xb3, 0x80, 0xd2, 0xe1, 0x80, 0x42,
    0x27, 0x95, 0xa0, 0xd, 0x10, 0x0, 0x9b, 0xd2,
    0x8f, 0x4, 0x25, 0x80, 0x50, 0x40, 0xa2, 0xaf,
    0xfa, 0x3b, 0xe3, 0x7f, 0xb7, 0x0, 0xbd, 0x0,
    0x5f, 0x3f, 0xfe, 0xe0,

    /* U+9053 "道" */
    0x0, 0xf8, 0x40, 0x3f, 0x8c, 0x80, 0x22, 0xe2,
    0x0, 0xf, 0x90, 0x4, 0xb8, 0x40, 0x26, 0xb4,
    0x22, 0xa6, 0x31, 0x0, 0x34, 0xe0, 0xf7, 0x15,
    0xfb, 0x88, 0xdd, 0xc3, 0x0, 0x3d, 0x8f, 0xfe,
    0xb, 0xff, 0xc6, 0x1, 0x28, 0x3, 0x7b, 0x81,
    0x5d, 0xcd, 0x0, 0xd, 0xdc, 0x40, 0x7b, 0xdf,
    0xdc, 0xa3, 0x0, 0xf, 0xf9, 0x4, 0x1, 0xdb,
    0xba, 0x40, 0x32, 0x20, 0x40, 0x2e, 0xdd, 0xd2,
    0x1, 0xfe, 0xec, 0xcd, 0x20, 0x1f, 0xe9, 0xdd,
    0xd2, 0x1, 0xfe, 0x13, 0x3c, 0x20, 0x1c, 0x42,
    0xc0, 0xb3, 0xdd, 0xa5, 0x40, 0x26, 0xfb, 0xfa,
    0xfd, 0xcc, 0xe9, 0x32, 0x18, 0xf4, 0xae, 0xfe,
    0xff, 0xed, 0xc1, 0x17, 0x10, 0x1, 0x2f, 0xfd,
    0xdc, 0xff, 0xc6,

    /* U+91CD "重" */
    0x0, 0xf0, 0x92, 0x2b, 0xc5, 0x88, 0x6, 0xaf,
    0xf7, 0x66, 0x27, 0xfb, 0xf8, 0x3, 0xab, 0xfd,
    0xda, 0x8b, 0x52, 0xea, 0x20, 0x16, 0x67, 0x91,
    0xb3, 0x3c, 0x0, 0xff, 0xf2, 0xa7, 0xff, 0x80,
    0x6, 0xdd, 0xd9, 0x11, 0xdd, 0x90, 0xc0, 0x23,
    0x6d, 0xd9, 0x5b, 0x76, 0x7f, 0x0, 0xe4, 0xcc,
    0x91, 0xb3, 0x24, 0x0, 0xf2, 0x66, 0x48, 0xd9,
    0x92, 0x0, 0x79, 0x33, 0x24, 0x6c, 0xc9, 0x0,
    0x39, 0xbb, 0x76, 0x47, 0xdd, 0xbe, 0x0, 0x35,
    0xe6, 0x64, 0x7c, 0xcd, 0xa2, 0x1, 0x4f, 0xfe,
    0x57, 0xff, 0xe1, 0x0, 0x88, 0xb8, 0x44, 0x45,
    0xc0, 0x1, 0xff, 0xf2, 0xbf, 0xff, 0x88,

    /* U+91CF "量" */
    0x0, 0x17, 0xdd, 0xfe, 0xf1, 0x0, 0xf5, 0x57,
    0xd2, 0x1, 0xfa, 0x23, 0xf0, 0x7, 0xe1, 0x1f,
    0x88, 0x3, 0x88, 0x2b, 0x77, 0xf5, 0x19, 0x0,
    0xf7, 0x26, 0x7f, 0xdd, 0xc1, 0x16, 0x7a, 0x27,
    0xfa, 0x70, 0x40, 0xa, 0x75, 0x51, 0xd, 0x54,
    0x58, 0x1, 0xcb, 0x33, 0x22, 0x26, 0x67, 0x0,
    0xf1, 0xee, 0xc4, 0xdb, 0xb0, 0x80, 0x73, 0xc9,
    0x14, 0xe2, 0x45, 0x45, 0x80, 0x6a, 0x99, 0xca,
    0x93, 0x3b, 0x80, 0x35, 0xee, 0xe7, 0x6d, 0xdd,
    0x80, 0x2, 0xee, 0xf3, 0x3f, 0x77, 0x8c,

    /* U+9644 "附" */
    0x0, 0xf8, 0x80, 0x3e, 0xdf, 0xf9, 0x0, 0xf4,
    0x40, 0x7, 0xc0, 0x15, 0xf0, 0x28, 0x52, 0x88,
    0x7, 0xce, 0x46, 0x22, 0x68, 0x0, 0xfe, 0xbb,
    0x5, 0x8b, 0x7f, 0xd8, 0x3e, 0xa0, 0x4, 0x65,
    0x50, 0x26, 0xed, 0x43, 0xaa, 0x0, 0x56, 0xb6,
    0x0, 0x11, 0x4c, 0x4, 0x1, 0x44, 0xd5, 0x80,
    0x2d, 0x40, 0x3e, 0x10, 0x60, 0xb, 0xa0, 0x3,
    0xf1, 0x30, 0x4, 0xa6, 0x80, 0x1c, 0xe6, 0x4c,
    0x1, 0xa4, 0xc0, 0x39, 0xf9, 0xc8, 0x3, 0x3b,
    0x80, 0x3d, 0xb2, 0x1, 0xff, 0xc8, 0x13, 0x50,
    0xf, 0xe3, 0x0, 0x16, 0x44, 0x80, 0x0,

    /* U+9664 "除" */
    0x0, 0xfe, 0x90, 0xe, 0xef, 0xf9, 0x0, 0x28,
    0x62, 0x0, 0xec, 0xd0, 0x50, 0x2, 0xb4, 0x70,
    0x7, 0xb, 0xa0, 0x82, 0xde, 0xba, 0xe0, 0x80,
    0x6f, 0xe0, 0x7b, 0xa3, 0x9, 0x6f, 0x30, 0x9,
    0x16, 0x26, 0x40, 0x89, 0x73, 0xf0, 0x0, 0x48,
    0xe7, 0xf2, 0x26, 0xe2, 0x1b, 0xa0, 0x0, 0xff,
    0x8, 0xaf, 0x38, 0x73, 0x8, 0x1, 0x8c, 0x1a,
    0x22, 0x91, 0x88, 0x98, 0x3, 0xdf, 0xf1, 0x87,
    0xfc, 0x1, 0x2e, 0x9b, 0x3f, 0x35, 0xb, 0xe2,
    0xb0, 0x1, 0x3b, 0x80, 0xe4, 0x20, 0x16, 0x70,
    0x4, 0x26, 0x5, 0x32, 0x0, 0xce, 0xe8, 0x0,
    0xe8, 0x81, 0x3, 0x80, 0x52, 0x40, 0x1d, 0x4c,
    0x7f, 0x6e, 0x0, 0x2a, 0xe, 0x20, 0xc, 0x7f,
    0xe9, 0x0, 0xe0,

    /* U+9762 "面" */
    0xf, 0xff, 0xfe, 0x10, 0x86, 0xef, 0x82, 0x37,
    0x7c, 0x20, 0x45, 0xc6, 0xa, 0x45, 0xe0, 0x8,
    0x8b, 0x38, 0x0, 0x8b, 0x80, 0x24, 0xdd, 0xd2,
    0x1b, 0xbe, 0x40, 0x8, 0xbf, 0xc3, 0x9f, 0xe9,
    0x4f, 0xf0, 0x80, 0x7e, 0x71, 0x18, 0x3, 0xff,
    0x81, 0x5f, 0xe9, 0x0, 0xff, 0xe0, 0x6f, 0x72,
    0x0, 0x3f, 0xf8, 0x1d, 0x98, 0xb0, 0xf, 0xfe,
    0x5, 0xff, 0x94, 0x3, 0xff, 0x80, 0xa6, 0x6e,
    0x0, 0xfc, 0x5f, 0xe1, 0xcf, 0xf4, 0xa7, 0xf8,
    0x40, 0x30, 0xee, 0xff, 0x84, 0x0,

    /* U+97F3 "音" */
    0x0, 0xf9, 0x88, 0x3, 0xff, 0x85, 0x90, 0x1,
    0xf8, 0xbf, 0xf9, 0x55, 0xff, 0xc8, 0x0, 0x2d,
    0xd2, 0x56, 0xee, 0xb2, 0xdd, 0x20, 0x4, 0x44,
    0x3e, 0x22, 0xda, 0xc4, 0x40, 0x8, 0x8a, 0xd4,
    0x22, 0xcd, 0xc4, 0x50, 0xe, 0xed, 0x41, 0xbb,
    0x82, 0xb7, 0x61, 0x17, 0xff, 0xff, 0x8, 0x40,
    0x2d, 0xff, 0xfe, 0x0, 0xf1, 0xd7, 0x77, 0xac,
    0x3, 0xf0, 0x8f, 0xce, 0x1, 0xfa, 0xff, 0xfd,
    0x80, 0x1f, 0xaf, 0xff, 0xd8, 0x1, 0xf8, 0x8b,
    0xe6, 0x0, 0xfd, 0x19, 0x9e, 0xb0, 0xf, 0xbb,
    0xbf, 0xbc, 0x2,

    /* U+9875 "页" */
    0xc, 0xff, 0xff, 0xe0, 0x70, 0x6e, 0xf8, 0x5f,
    0x77, 0xbc, 0x4, 0x8b, 0x0, 0xd1, 0x17, 0x8,
    0x4, 0x89, 0x51, 0x32, 0x26, 0x10, 0x8, 0xee,
    0x64, 0xa1, 0x33, 0xad, 0xc0, 0x3b, 0x76, 0xcc,
    0x6e, 0xc4, 0x1, 0xfd, 0x36, 0x1, 0xff, 0xdf,
    0x23, 0x0, 0xff, 0xe0, 0xa, 0x61, 0x80, 0x7c,
    0x7a, 0x3, 0xa4, 0x9f, 0xab, 0x8c, 0x1, 0x86,
    0x79, 0xb0, 0x72, 0x21, 0x88, 0x0, 0x9e, 0xd3,
    0xca, 0x0, 0x97, 0x6e, 0xd0, 0x15, 0xbd, 0x46,
    0x1, 0xe6, 0xea,

    /* U+9891 "频" */
    0x0, 0xd6, 0xa0, 0xb, 0xff, 0xf3, 0x0, 0xd0,
    0x0, 0x88, 0x37, 0xdc, 0x38, 0xee, 0x30, 0x1,
    0xc0, 0x13, 0xf2, 0x2, 0x23, 0x51, 0x10, 0x7,
    0xaf, 0x60, 0x9e, 0x41, 0x5d, 0xc0, 0x2a, 0x66,
    0x72, 0x33, 0x3d, 0x7c, 0x8f, 0xc8, 0x2c, 0x9f,
    0x1d, 0x77, 0x1, 0x99, 0x89, 0x40, 0x4, 0xdc,
    0xd0, 0xcd, 0xd0, 0x4, 0xe0, 0x1c, 0x3c, 0x1,
    0x2d, 0x0, 0x7f, 0x33, 0x0, 0x2e, 0xc0, 0x8,
    0xcc, 0x1, 0xc, 0xd8, 0x1, 0x51, 0xc0, 0x21,
    0x10, 0x4, 0x38, 0x40, 0xf3, 0x21, 0x62, 0x43,
    0x3, 0x50, 0x1, 0x0, 0xd, 0x98, 0x7, 0x3e,
    0x98, 0x56, 0x1, 0x26, 0x85, 0x80, 0x6, 0x9e,
    0x21, 0xae, 0x0, 0xc9, 0x8b, 0x0, 0x3f, 0x9e,
    0x2, 0x65, 0x30, 0x6e, 0x94, 0x2, 0x6e, 0x90,
    0x8, 0xb5, 0x80,

    /* U+9898 "题" */
    0x0, 0x8, 0xf0, 0x7, 0xf8, 0xfb, 0x32, 0xe3,
    0xff, 0xf8, 0x2, 0x2d, 0xd8, 0x43, 0xfd, 0x83,
    0xff, 0x0, 0x45, 0x55, 0x8, 0x4, 0x8e, 0x1,
    0xe1, 0xff, 0x84, 0x1b, 0xe5, 0xfb, 0xd0, 0x3,
    0x66, 0x42, 0x0, 0x5e, 0x8e, 0x20, 0x8, 0xf6,
    0xaa, 0xc3, 0x0, 0xa4, 0x40, 0x22, 0xcf, 0xfe,
    0xc0, 0xc, 0x20, 0x11, 0x77, 0x47, 0xfd, 0xc0,
    0x0, 0x88, 0x3, 0x8b, 0x8, 0x8, 0xa0, 0x2,
    0xa8, 0x3, 0xc2, 0x0, 0xfe, 0xa2, 0xde, 0xc4,
    0x56, 0x0, 0x18, 0x8, 0x7f, 0x52, 0x13, 0xb7,
    0x81, 0x0, 0x14, 0xb4, 0x2, 0x2a, 0x8f, 0x1b,
    0x2a, 0x0, 0x6c, 0x50, 0x49, 0xb6, 0x69, 0x0,
    0x2a, 0x40, 0x95, 0x4d, 0xa1, 0xf5, 0x3f, 0xfd,
    0xc0, 0x5e, 0x0, 0x28, 0xce, 0xff, 0xf6, 0x80
};


/*---------------------
 *  GLYPH DESCRIPTION
 *--------------------*/

static const lv_font_fmt_txt_glyph_dsc_t glyph_dsc[] = {
    {.bitmap_index = 0, .adv_w = 0, .box_w = 0, .box_h = 0, .ofs_x = 0, .ofs_y = 0} /* id = 0 reserved */,
    {.bitmap_index = 0, .adv_w = 57, .box_w = 0, .box_h = 0, .ofs_x = 0, .ofs_y = 0},
    {.bitmap_index = 0, .adv_w = 83, .box_w = 3, .box_h = 12, .ofs_x = 1, .ofs_y = 0},
    {.bitmap_index = 15, .adv_w = 122, .box_w = 6, .box_h = 5, .ofs_x = 1, .ofs_y = 8},
    {.bitmap_index = 30, .adv_w = 142, .box_w = 9, .box_h = 12, .ofs_x = 0, .ofs_y = 0},
    {.bitmap_index = 85, .adv_w = 142, .box_w = 8, .box_h = 16, .ofs_x = 0, .ofs_y = -2},
    {.bitmap_index = 141, .adv_w = 236, .box_w = 15, .box_h = 12, .ofs_x = 0, .ofs_y = 0},
    {.bitmap_index = 222, .adv_w = 174, .box_w = 11, .box_h = 12, .ofs_x = 0, .ofs_y = 0},
    {.bitmap_index = 283, .adv_w = 71, .box_w = 2, .box_h = 5, .ofs_x = 1, .ofs_y = 8},
    {.bitmap_index = 288, .adv_w = 87, .box_w = 4, .box_h = 18, .ofs_x = 1, .ofs_y = -4},
    {.bitmap_index = 324, .adv_w = 87, .box_w = 4, .box_h = 18, .ofs_x = 0, .ofs_y = -4},
    {.bitmap_index = 361, .adv_w = 120, .box_w = 6, .box_h = 6, .ofs_x = 1, .ofs_y = 7},
    {.bitmap_index = 380, .adv_w = 142, .box_w = 9, .box_h = 9, .ofs_x = 0, .ofs_y = 2},
    {.bitmap_index = 404, .adv_w = 71, .box_w = 4, .box_h = 7, .ofs_x = 0, .ofs_y = -4},
    {.bitmap_index = 418, .adv_w = 89, .box_w = 5, .box_h = 2, .ofs_x = 0, .ofs_y = 3},
    {.bitmap_index = 423, .adv_w = 71, .box_w = 3, .box_h = 3, .ofs_x = 1, .ofs_y = 0},
    {.bitmap_index = 428, .adv_w = 100, .box_w = 7, .box_h = 16, .ofs_x = 0, .ofs_y = -3},
    {.bitmap_index = 471, .adv_w = 142, .box_w = 9, .box_h = 12, .ofs_x = 0, .ofs_y = 0},
    {.bitmap_index = 522, .adv_w = 142, .box_w = 7, .box_h = 12, .ofs_x = 1, .ofs_y = 0},
    {.bitmap_index = 540, .adv_w = 142, .box_w = 9, .box_h = 12, .ofs_x = 0, .ofs_y = 0},
    {.bitmap_index = 587, .adv_w = 142, .box_w = 8, .box_h = 12, .ofs_x = 0, .ofs_y = 0},
    {.bitmap_index = 632, .adv_w = 142, .box_w = 9, .box_h = 12, .ofs_x = 0, .ofs_y = 0},
    {.bitmap_index = 673, .adv_w = 142, .box_w = 9, .box_h = 12, .ofs_x = 0, .ofs_y = 0},
    {.bitmap_index = 718, .adv_w = 142, .box_w = 9, .box_h = 12, .ofs_x = 0, .ofs_y = 0},
    {.bitmap_index = 770, .adv_w = 142, .box_w = 9, .box_h = 12, .ofs_x = 0, .ofs_y = 0},
    {.bitmap_index = 808, .adv_w = 142, .box_w = 9, .box_h = 12, .ofs_x = 0, .ofs_y = 0},
    {.bitmap_index = 862, .adv_w = 142, .box_w = 8, .box_h = 12, .ofs_x = 0, .ofs_y = 0},
    {.bitmap_index = 909, .adv_w = 71, .box_w = 3, .box_h = 9, .ofs_x = 1, .ofs_y = 0},
    {.bitmap_index = 921, .adv_w = 71, .box_w = 4, .box_h = 13, .ofs_x = 0, .ofs_y = -4},
    {.bitmap_index = 944, .adv_w = 142, .box_w = 9, .box_h = 8, .ofs_x = 0, .ofs_y = 2},
    {.bitmap_index = 974, .adv_w = 142, .box_w = 9, .box_h = 6, .ofs_x = 0, .ofs_y = 3},
    {.bitmap_index = 990, .adv_w = 142, .box_w = 9, .box_h = 8, .ofs_x = 0, .ofs_y = 2},
    {.bitmap_index = 1020, .adv_w = 121, .box_w = 7, .box_h = 12, .ofs_x = 0, .ofs_y = 0},
    {.bitmap_index = 1057, .adv_w = 242, .box_w = 15, .box_h = 14, .ofs_x = 0, .ofs_y = -2},
    {.bitmap_index = 1158, .adv_w = 155, .box_w = 10, .box_h = 12, .ofs_x = 0, .ofs_y = 0},
    {.bitmap_index = 1210, .adv_w = 168, .box_w = 9, .box_h = 12, .ofs_x = 1, .ofs_y = 0},
    {.bitmap_index = 1258, .adv_w = 163, .box_w = 10, .box_h = 12, .ofs_x = 0, .ofs_y = 0},
    {.bitmap_index = 1305, .adv_w = 176, .box_w = 10, .box_h = 12, .ofs_x = 1, .ofs_y = 0},
    {.bitmap_index = 1347, .adv_w = 151, .box_w = 8, .box_h = 12, .ofs_x = 1, .ofs_y = 0},
    {.bitmap_index = 1379, .adv_w = 141, .box_w = 8, .box_h = 12, .ofs_x = 1, .ofs_y = 0},
    {.bitmap_index = 1404, .adv_w = 176, .box_w = 10, .box_h = 12, .ofs_x = 0, .ofs_y = 0},
    {.bitmap_index = 1456, .adv_w = 186, .box_w = 10, .box_h = 12, .ofs_x = 1, .ofs_y = 0},
    {.bitmap_index = 1479, .adv_w = 75, .box_w = 3, .box_h = 12, .ofs_x = 1, .ofs_y = 0},
    {.bitmap_index = 1484, .adv_w = 137, .box_w = 8, .box_h = 12, .ofs_x = 0, .ofs_y = 0},
    {.bitmap_index = 1503, .adv_w = 165, .box_w = 10, .box_h = 12, .ofs_x = 1, .ofs_y = 0},
    {.bitmap_index = 1548, .adv_w = 139, .box_w = 8, .box_h = 12, .ofs_x = 1, .ofs_y = 0},
    {.bitmap_index = 1560, .adv_w = 208, .box_w = 11, .box_h = 12, .ofs_x = 1, .ofs_y = 0},
    {.bitmap_index = 1614, .adv_w = 185, .box_w = 9, .box_h = 12, .ofs_x = 1, .ofs_y = 0},
    {.bitmap_index = 1653, .adv_w = 190, .box_w = 11, .box_h = 12, .ofs_x = 0, .ofs_y = 0},
    {.bitmap_index = 1711, .adv_w = 162, .box_w = 9, .box_h = 12, .ofs_x = 1, .ofs_y = 0},
    {.bitmap_index = 1748, .adv_w = 190, .box_w = 12, .box_h = 16, .ofs_x = 0, .ofs_y = -4},
    {.bitmap_index = 1831, .adv_w = 163, .box_w = 9, .box_h = 12, .ofs_x = 1, .ofs_y = 0},
    {.bitmap_index = 1876, .adv_w = 153, .box_w = 9, .box_h = 12, .ofs_x = 0, .ofs_y = 0},
    {.bitmap_index = 1926, .adv_w = 153, .box_w = 10, .box_h = 12, .ofs_x = 0, .ofs_y = 0},
    {.bitmap_index = 1944, .adv_w = 185, .box_w = 9, .box_h = 12, .ofs_x = 1, .ofs_y = 0},
    {.bitmap_index = 1972, .adv_w = 147, .box_w = 10, .box_h = 12, .ofs_x = 0, .ofs_y = 0},
    {.bitmap_index = 2024, .adv_w = 225, .box_w = 14, .box_h = 12, .ofs_x = 0, .ofs_y = 0},
    {.bitmap_index = 2108, .adv_w = 147, .box_w = 9, .box_h = 12, .ofs_x = 0, .ofs_y = 0},
    {.bitmap_index = 2158, .adv_w = 136, .box_w = 10, .box_h = 12, .ofs_x = -1, .ofs_y = 0},
    {.bitmap_index = 2195, .adv_w = 154, .box_w = 9, .box_h = 12, .ofs_x = 0, .ofs_y = 0},
    {.bitmap_index = 2237, .adv_w = 87, .box_w = 4, .box_h = 16, .ofs_x = 1, .ofs_y = -3},
    {.bitmap_index = 2247, .adv_w = 100, .box_w = 7, .box_h = 16, .ofs_x = 0, .ofs_y = -3},
    {.bitmap_index = 2289, .adv_w = 87, .box_w = 4, .box_h = 16, .ofs_x = 0, .ofs_y = -3},
    {.bitmap_index = 2298, .adv_w = 142, .box_w = 7, .box_h = 7, .ofs_x = 1, .ofs_y = 5},
    {.bitmap_index = 2322, .adv_w = 143, .box_w = 9, .box_h = 1, .ofs_x = 0, .ofs_y = -2},
    {.bitmap_index = 2325, .adv_w = 155, .box_w = 4, .box_h = 5, .ofs_x = 2, .ofs_y = 10},
    {.bitmap_index = 2335, .adv_w = 144, .box_w = 8, .box_h = 9, .ofs_x = 0, .ofs_y = 0},
    {.bitmap_index = 2372, .adv_w = 158, .box_w = 9, .box_h = 13, .ofs_x = 1, .ofs_y = 0},
    {.bitmap_index = 2410, .adv_w = 130, .box_w = 8, .box_h = 9, .ofs_x = 0, .ofs_y = 0},
    {.bitmap_index = 2442, .adv_w = 159, .box_w = 9, .box_h = 13, .ofs_x = 0, .ofs_y = 0},
    {.bitmap_index = 2482, .adv_w = 142, .box_w = 9, .box_h = 9, .ofs_x = 0, .ofs_y = 0},
    {.bitmap_index = 2521, .adv_w = 83, .box_w = 6, .box_h = 13, .ofs_x = 0, .ofs_y = 0},
    {.bitmap_index = 2545, .adv_w = 144, .box_w = 9, .box_h = 13, .ofs_x = 0, .ofs_y = -4},
    {.bitmap_index = 2602, .adv_w = 155, .box_w = 8, .box_h = 13, .ofs_x = 1, .ofs_y = 0},
    {.bitmap_index = 2627, .adv_w = 70, .box_w = 3, .box_h = 13, .ofs_x = 1, .ofs_y = 0},
    {.bitmap_index = 2637, .adv_w = 71, .box_w = 5, .box_h = 17, .ofs_x = -1, .ofs_y = -4},
    {.bitmap_index = 2657, .adv_w = 141, .box_w = 8, .box_h = 13, .ofs_x = 1, .ofs_y = 0},
    {.bitmap_index = 2690, .adv_w = 73, .box_w = 3, .box_h = 13, .ofs_x = 1, .ofs_y = 0},
    {.bitmap_index = 2698, .adv_w = 237, .box_w = 13, .box_h = 9, .ofs_x = 1, .ofs_y = 0},
    {.bitmap_index = 2728, .adv_w = 156, .box_w = 8, .box_h = 9, .ofs_x = 1, .ofs_y = 0},
    {.bitmap_index = 2748, .adv_w = 155, .box_w = 9, .box_h = 9, .ofs_x = 0, .ofs_y = 0},
    {.bitmap_index = 2788, .adv_w = 159, .box_w = 9, .box_h = 13, .ofs_x = 1, .ofs_y = -4},
    {.bitmap_index = 2829, .adv_w = 159, .box_w = 9, .box_h = 13, .ofs_x = 0, .ofs_y = -4},
    {.bitmap_index = 2871, .adv_w = 99, .box_w = 6, .box_h = 10, .ofs_x = 1, .ofs_y = 0},
    {.bitmap_index = 2887, .adv_w = 120, .box_w = 7, .box_h = 9, .ofs_x = 0, .ofs_y = 0},
    {.bitmap_index = 2918, .adv_w = 97, .box_w = 6, .box_h = 12, .ofs_x = 0, .ofs_y = 0},
    {.bitmap_index = 2946, .adv_w = 155, .box_w = 8, .box_h = 9, .ofs_x = 1, .ofs_y = 0},
    {.bitmap_index = 2966, .adv_w = 133, .box_w = 9, .box_h = 9, .ofs_x = 0, .ofs_y = 0},
    {.bitmap_index = 3004, .adv_w = 205, .box_w = 13, .box_h = 9, .ofs_x = 0, .ofs_y = 0},
    {.bitmap_index = 3063, .adv_w = 127, .box_w = 8, .box_h = 9, .ofs_x = 0, .ofs_y = 0},
    {.bitmap_index = 3099, .adv_w = 133, .box_w = 9, .box_h = 13, .ofs_x = 0, .ofs_y = -4},
    {.bitmap_index = 3150, .adv_w = 121, .box_w = 8, .box_h = 9, .ofs_x = 0, .ofs_y = 0},
    {.bitmap_index = 3181, .adv_w = 87, .box_w = 5, .box_h = 16, .ofs_x = 0, .ofs_y = -3},
    {.bitmap_index = 3213, .adv_w = 69, .box_w = 2, .box_h = 18, .ofs_x = 1, .ofs_y = -5},
    {.bitmap_index = 3218, .adv_w = 87, .box_w = 5, .box_h = 16, .ofs_x = 0, .ofs_y = -3},
    {.bitmap_index = 3251, .adv_w = 142, .box_w = 9, .box_h = 4, .ofs_x = 0, .ofs_y = 4},
    {.bitmap_index = 3270, .adv_w = 256, .box_w = 4, .box_h = 4, .ofs_x = 6, .ofs_y = 4},
    {.bitmap_index = 3279, .adv_w = 256, .box_w = 16, .box_h = 14, .ofs_x = 0, .ofs_y = -1},
    {.bitmap_index = 3311, .adv_w = 256, .box_w = 16, .box_h = 14, .ofs_x = 0, .ofs_y = -1},
    {.bitmap_index = 3356, .adv_w = 256, .box_w = 16, .box_h = 14, .ofs_x = 0, .ofs_y = -1},
    {.bitmap_index = 3423, .adv_w = 256, .box_w = 16, .box_h = 15, .ofs_x = 0, .ofs_y = -1},
    {.bitmap_index = 3482, .adv_w = 256, .box_w = 14, .box_h = 14, .ofs_x = 1, .ofs_y = -1},
    {.bitmap_index = 3535, .adv_w = 256, .box_w = 14, .box_h = 15, .ofs_x = 1, .ofs_y = -2},
    {.bitmap_index = 3623, .adv_w = 256, .box_w = 16, .box_h = 15, .ofs_x = 0, .ofs_y = -1},
    {.bitmap_index = 3689, .adv_w = 256, .box_w = 15, .box_h = 16, .ofs_x = 0, .ofs_y = -2},
    {.bitmap_index = 3777, .adv_w = 256, .box_w = 16, .box_h = 16, .ofs_x = 0, .ofs_y = -2},
    {.bitmap_index = 3875, .adv_w = 256, .box_w = 16, .box_h = 16, .ofs_x = 0, .ofs_y = -2},
    {.bitmap_index = 3980, .adv_w = 256, .box_w = 16, .box_h = 16, .ofs_x = 0, .ofs_y = -2},
    {.bitmap_index = 4056, .adv_w = 256, .box_w = 16, .box_h = 15, .ofs_x = 0, .ofs_y = -1},
    {.bitmap_index = 4149, .adv_w = 256, .box_w = 16, .box_h = 16, .ofs_x = 0, .ofs_y = -2},
    {.bitmap_index = 4252, .adv_w = 256, .box_w = 16, .box_h = 15, .ofs_x = 0, .ofs_y = -1},
    {.bitmap_index = 4343, .adv_w = 256, .box_w = 16, .box_h = 16, .ofs_x = 0, .ofs_y = -2},
    {.bitmap_index = 4446, .adv_w = 256, .box_w = 16, .box_h = 15, .ofs_x = 0, .ofs_y = -1},
    {.bitmap_index = 4521, .adv_w = 256, .box_w = 16, .box_h = 16, .ofs_x = 0, .ofs_y = -2},
    {.bitmap_index = 4617, .adv_w = 256, .box_w = 15, .box_h = 15, .ofs_x = 0, .ofs_y = -2},
    {.bitmap_index = 4708, .adv_w = 256, .box_w = 15, .box_h = 15, .ofs_x = 0, .ofs_y = -2},
    {.bitmap_index = 4796, .adv_w = 256, .box_w = 16, .box_h = 15, .ofs_x = 0, .ofs_y = -2},
    {.bitmap_index = 4900, .adv_w = 256, .box_w = 16, .box_h = 14, .ofs_x = 0, .ofs_y = -1},
    {.bitmap_index = 4962, .adv_w = 256, .box_w = 16, .box_h = 15, .ofs_x = 0, .ofs_y = -2},
    {.bitmap_index = 5040, .adv_w = 256, .box_w = 16, .box_h = 16, .ofs_x = 0, .ofs_y = -2},
    {.bitmap_index = 5150, .adv_w = 256, .box_w = 16, .box_h = 15, .ofs_x = 0, .ofs_y = -2},
    {.bitmap_index = 5253, .adv_w = 256, .box_w = 16, .box_h = 15, .ofs_x = 0, .ofs_y = -2},
    {.bitmap_index = 5314, .adv_w = 256, .box_w = 15, .box_h = 16, .ofs_x = 0, .ofs_y = -2},
    {.bitmap_index = 5392, .adv_w = 256, .box_w = 15, .box_h = 15, .ofs_x = 1, .ofs_y = -2},
    {.bitmap_index = 5464, .adv_w = 256, .box_w = 14, .box_h = 14, .ofs_x = 1, .ofs_y = -1},
    {.bitmap_index = 5512, .adv_w = 256, .box_w = 14, .box_h = 14, .ofs_x = 1, .ofs_y = -1},
    {.bitmap_index = 5570, .adv_w = 256, .box_w = 14, .box_h = 14, .ofs_x = 1, .ofs_y = -1},
    {.bitmap_index = 5652, .adv_w = 256, .box_w = 15, .box_h = 15, .ofs_x = 0, .ofs_y = -1},
    {.bitmap_index = 5728, .adv_w = 256, .box_w = 16, .box_h = 14, .ofs_x = 0, .ofs_y = -1},
    {.bitmap_index = 5814, .adv_w = 256, .box_w = 16, .box_h = 16, .ofs_x = 0, .ofs_y = -2},
    {.bitmap_index = 5912, .adv_w = 256, .box_w = 15, .box_h = 16, .ofs_x = 1, .ofs_y = -2},
    {.bitmap_index = 6013, .adv_w = 256, .box_w = 16, .box_h = 15, .ofs_x = 0, .ofs_y = -2},
    {.bitmap_index = 6104, .adv_w = 256, .box_w = 16, .box_h = 15, .ofs_x = 0, .ofs_y = -1},
    {.bitmap_index = 6213, .adv_w = 256, .box_w = 16, .box_h = 16, .ofs_x = 0, .ofs_y = -2},
    {.bitmap_index = 6304, .adv_w = 256, .box_w = 14, .box_h = 14, .ofs_x = 1, .ofs_y = -1},
    {.bitmap_index = 6360, .adv_w = 256, .box_w = 16, .box_h = 16, .ofs_x = 0, .ofs_y = -2},
    {.bitmap_index = 6466, .adv_w = 256, .box_w = 16, .box_h = 15, .ofs_x = 0, .ofs_y = -2},
    {.bitmap_index = 6539, .adv_w = 256, .box_w = 16, .box_h = 14, .ofs_x = 0, .ofs_y = -1},
    {.bitmap_index = 6626, .adv_w = 256, .box_w = 15, .box_h = 16, .ofs_x = 1, .ofs_y = -2},
    {.bitmap_index = 6721, .adv_w = 256, .box_w = 16, .box_h = 15, .ofs_x = 0, .ofs_y = -1},
    {.bitmap_index = 6815, .adv_w = 256, .box_w = 16, .box_h = 14, .ofs_x = 0, .ofs_y = -1},
    {.bitmap_index = 6909, .adv_w = 256, .box_w = 16, .box_h = 15, .ofs_x = 0, .ofs_y = -1},
    {.bitmap_index = 6994, .adv_w = 256, .box_w = 15, .box_h = 15, .ofs_x = 0, .ofs_y = -2},
    {.bitmap_index = 7064, .adv_w = 256, .box_w = 16, .box_h = 15, .ofs_x = 0, .ofs_y = -2},
    {.bitmap_index = 7174, .adv_w = 256, .box_w = 16, .box_h = 15, .ofs_x = 0, .ofs_y = -2},
    {.bitmap_index = 7284, .adv_w = 256, .box_w = 16, .box_h = 15, .ofs_x = 0, .ofs_y = -2},
    {.bitmap_index = 7384, .adv_w = 256, .box_w = 16, .box_h = 16, .ofs_x = 0, .ofs_y = -2},
    {.bitmap_index = 7479, .adv_w = 256, .box_w = 15, .box_h = 16, .ofs_x = 1, .ofs_y = -2},
    {.bitmap_index = 7577, .adv_w = 256, .box_w = 16, .box_h = 15, .ofs_x = 0, .ofs_y = -1},
    {.bitmap_index = 7679, .adv_w = 256, .box_w = 16, .box_h = 15, .ofs_x = 0, .ofs_y = -2},
    {.bitmap_index = 7763, .adv_w = 256, .box_w = 16, .box_h = 14, .ofs_x = 0, .ofs_y = -1},
    {.bitmap_index = 7840, .adv_w = 256, .box_w = 16, .box_h = 15, .ofs_x = 0, .ofs_y = -2},
    {.bitmap_index = 7929, .adv_w = 256, .box_w = 15, .box_h = 14, .ofs_x = 0, .ofs_y = -1},
    {.bitmap_index = 8015, .adv_w = 256, .box_w = 16, .box_h = 15, .ofs_x = 0, .ofs_y = -1},
    {.bitmap_index = 8116, .adv_w = 256, .box_w = 16, .box_h = 14, .ofs_x = 0, .ofs_y = -1},
    {.bitmap_index = 8217, .adv_w = 256, .box_w = 16, .box_h = 14, .ofs_x = 0, .ofs_y = -1},
    {.bitmap_index = 8270, .adv_w = 256, .box_w = 16, .box_h = 14, .ofs_x = 0, .ofs_y = -1},
    {.bitmap_index = 8351, .adv_w = 256, .box_w = 15, .box_h = 15, .ofs_x = 0, .ofs_y = -2},
    {.bitmap_index = 8441, .adv_w = 256, .box_w = 15, .box_h = 16, .ofs_x = 0, .ofs_y = -2},
    {.bitmap_index = 8531, .adv_w = 256, .box_w = 16, .box_h = 15, .ofs_x = 0, .ofs_y = -2},
    {.bitmap_index = 8634, .adv_w = 256, .box_w = 16, .box_h = 15, .ofs_x = 0, .ofs_y = -2},
    {.bitmap_index = 8734, .adv_w = 256, .box_w = 16, .box_h = 16, .ofs_x = 0, .ofs_y = -2},
    {.bitmap_index = 8827, .adv_w = 256, .box_w = 16, .box_h = 16, .ofs_x = 0, .ofs_y = -2},
    {.bitmap_index = 8941, .adv_w = 256, .box_w = 16, .box_h = 16, .ofs_x = 0, .ofs_y = -2},
    {.bitmap_index = 9047, .adv_w = 256, .box_w = 16, .box_h = 15, .ofs_x = 0, .ofs_y = -2},
    {.bitmap_index = 9161, .adv_w = 256, .box_w = 15, .box_h = 14, .ofs_x = 0, .ofs_y = -1},
    {.bitmap_index = 9241, .adv_w = 256, .box_w = 16, .box_h = 14, .ofs_x = 0, .ofs_y = -1},
    {.bitmap_index = 9335, .adv_w = 256, .box_w = 16, .box_h = 14, .ofs_x = 0, .ofs_y = -1},
    {.bitmap_index = 9432, .adv_w = 256, .box_w = 16, .box_h = 15, .ofs_x = 0, .ofs_y = -2},
    {.bitmap_index = 9524, .adv_w = 256, .box_w = 15, .box_h = 15, .ofs_x = 0, .ofs_y = -2},
    {.bitmap_index = 9604, .adv_w = 256, .box_w = 14, .box_h = 14, .ofs_x = 2, .ofs_y = -1},
    {.bitmap_index = 9680, .adv_w = 256, .box_w = 16, .box_h = 15, .ofs_x = 0, .ofs_y = -1},
    {.bitmap_index = 9763, .adv_w = 256, .box_w = 16, .box_h = 16, .ofs_x = 0, .ofs_y = -2},
    {.bitmap_index = 9866, .adv_w = 256, .box_w = 15, .box_h = 16, .ofs_x = 0, .ofs_y = -2},
    {.bitmap_index = 9970, .adv_w = 256, .box_w = 16, .box_h = 14, .ofs_x = 0, .ofs_y = -1},
    {.bitmap_index = 10057, .adv_w = 256, .box_w = 16, .box_h = 16, .ofs_x = 0, .ofs_y = -2},
    {.bitmap_index = 10169, .adv_w = 256, .box_w = 16, .box_h = 16, .ofs_x = 0, .ofs_y = -2},
    {.bitmap_index = 10276, .adv_w = 256, .box_w = 16, .box_h = 14, .ofs_x = 0, .ofs_y = -1},
    {.bitmap_index = 10360, .adv_w = 256, .box_w = 16, .box_h = 15, .ofs_x = 0, .ofs_y = -2},
    {.bitmap_index = 10462, .adv_w = 256, .box_w = 16, .box_h = 16, .ofs_x = 0, .ofs_y = -2},
    {.bitmap_index = 10565, .adv_w = 256, .box_w = 16, .box_h = 16, .ofs_x = 0, .ofs_y = -2},
    {.bitmap_index = 10664, .adv_w = 256, .box_w = 16, .box_h = 14, .ofs_x = 0, .ofs_y = -1},
    {.bitmap_index = 10739, .adv_w = 256, .box_w = 16, .box_h = 16, .ofs_x = 0, .ofs_y = -2},
    {.bitmap_index = 10844, .adv_w = 256, .box_w = 16, .box_h = 15, .ofs_x = 0, .ofs_y = -2},
    {.bitmap_index = 10950, .adv_w = 256, .box_w = 16, .box_h = 15, .ofs_x = 0, .ofs_y = -1},
    {.bitmap_index = 11050, .adv_w = 256, .box_w = 16, .box_h = 16, .ofs_x = 0, .ofs_y = -2},
    {.bitmap_index = 11158, .adv_w = 256, .box_w = 16, .box_h = 16, .ofs_x = 0, .ofs_y = -2},
    {.bitmap_index = 11272, .adv_w = 256, .box_w = 15, .box_h = 15, .ofs_x = 1, .ofs_y = -1},
    {.bitmap_index = 11351, .adv_w = 256, .box_w = 16, .box_h = 16, .ofs_x = 0, .ofs_y = -2},
    {.bitmap_index = 11462, .adv_w = 256, .box_w = 16, .box_h = 16, .ofs_x = 0, .ofs_y = -2},
    {.bitmap_index = 11563, .adv_w = 256, .box_w = 16, .box_h = 16, .ofs_x = 0, .ofs_y = -2},
    {.bitmap_index = 11673, .adv_w = 256, .box_w = 16, .box_h = 16, .ofs_x = 0, .ofs_y = -2},
    {.bitmap_index = 11783, .adv_w = 256, .box_w = 16, .box_h = 15, .ofs_x = 0, .ofs_y = -2},
    {.bitmap_index = 11891, .adv_w = 256, .box_w = 16, .box_h = 16, .ofs_x = 0, .ofs_y = -2},
    {.bitmap_index = 11998, .adv_w = 256, .box_w = 16, .box_h = 15, .ofs_x = 0, .ofs_y = -1},
    {.bitmap_index = 12093, .adv_w = 256, .box_w = 16, .box_h = 14, .ofs_x = 0, .ofs_y = -1},
    {.bitmap_index = 12172, .adv_w = 256, .box_w = 15, .box_h = 15, .ofs_x = 1, .ofs_y = -1},
    {.bitmap_index = 12259, .adv_w = 256, .box_w = 15, .box_h = 16, .ofs_x = 1, .ofs_y = -2},
    {.bitmap_index = 12366, .adv_w = 256, .box_w = 16, .box_h = 14, .ofs_x = 0, .ofs_y = -1},
    {.bitmap_index = 12444, .adv_w = 256, .box_w = 16, .box_h = 16, .ofs_x = 0, .ofs_y = -2},
    {.bitmap_index = 12527, .adv_w = 256, .box_w = 15, .box_h = 15, .ofs_x = 0, .ofs_y = -2},
    {.bitmap_index = 12602, .adv_w = 256, .box_w = 16, .box_h = 15, .ofs_x = 0, .ofs_y = -2},
    {.bitmap_index = 12717, .adv_w = 256, .box_w = 16, .box_h = 16, .ofs_x = 0, .ofs_y = -2}
};

/*---------------------
 *  CHARACTER MAPPING
 *--------------------*/

static const uint16_t unicode_list_1[] = {
    0x0, 0x4d53, 0x4d54, 0x4d56, 0x4d73, 0x4d76, 0x4d83, 0x4d84,
    0x4df7, 0x4e17, 0x4e33, 0x4e3f, 0x4e96, 0x4e97, 0x4e9c, 0x4f26,
    0x4f2a, 0x50bc, 0x5179, 0x51e9, 0x51f1, 0x52aa, 0x52d4, 0x531a,
    0x531f, 0x5338, 0x5378, 0x5393, 0x5627, 0x5643, 0x5647, 0x5671,
    0x56d4, 0x5850, 0x5863, 0x587a, 0x59db, 0x5aa1, 0x5d3b, 0x5def,
    0x5e49, 0x5e58, 0x5e9e, 0x5ece, 0x5f4a, 0x5fb8, 0x61b4, 0x61c7,
    0x62ee, 0x6318, 0x64d0, 0x64f6, 0x64f9, 0x6529, 0x6673, 0x6683,
    0x67ac, 0x6809, 0x696a, 0x6aac, 0x6b7d, 0x6c02, 0x6c94, 0x6cd1,
    0x6d4e, 0x6d72, 0x6dd9, 0x6e1a, 0x6e2a, 0x71a2, 0x71ff, 0x7235,
    0x72f9, 0x7471, 0x747e, 0x7a14, 0x7a92, 0x7def, 0x7eb7, 0x7f9d,
    0x8017, 0x8426, 0x87b1, 0x890f, 0x8aaf, 0x8af9, 0x8b07, 0x8b44,
    0x8c6e, 0x8c8d, 0x8ca4, 0x8eaf, 0x8eb5, 0x8f1a, 0x8f1d, 0x8f27,
    0x8f68, 0x8f9c, 0x9116, 0x9118, 0x958d, 0x95ad, 0x96ab, 0x973c,
    0x97be, 0x97da, 0x97e1
};

/*Collect the unicode lists and glyph_id offsets*/
static const lv_font_fmt_txt_cmap_t cmaps[] =
{
    {
        .range_start = 32, .range_length = 95, .glyph_id_start = 1,
        .unicode_list = NULL, .glyph_id_ofs_list = NULL, .list_length = 0, .type = LV_FONT_FMT_TXT_CMAP_FORMAT0_TINY
    },
    {
        .range_start = 183, .range_length = 38882, .glyph_id_start = 96,
        .unicode_list = unicode_list_1, .glyph_id_ofs_list = NULL, .list_length = 107, .type = LV_FONT_FMT_TXT_CMAP_SPARSE_TINY
    }
};

/*-----------------
 *    KERNING
 *----------------*/


/*Map glyph_ids to kern left classes*/
static const uint8_t kern_left_class_mapping[] =
{
    0, 0, 0, 1, 0, 0, 0, 0,
    1, 2, 0, 0, 0, 3, 4, 3,
    5, 0, 0, 0, 0, 0, 0, 0,
    0, 0, 0, 6, 6, 0, 0, 0,
    0, 0, 7, 8, 9, 10, 11, 12,
    13, 0, 0, 14, 15, 16, 0, 0,
    10, 17, 10, 18, 19, 20, 21, 22,
    23, 24, 25, 26, 2, 27, 0, 0,
    0, 0, 28, 29, 30, 0, 31, 32,
    33, 34, 0, 0, 35, 36, 34, 34,
    29, 29, 37, 38, 39, 40, 37, 41,
    42, 43, 44, 45, 2, 0, 0, 0,
    0, 0, 0, 0, 0, 0, 0, 0,
    0, 0, 0, 0, 0, 0, 0, 0,
    0, 0, 0, 0, 0, 0, 0, 0,
    0, 0, 0, 0, 0, 0, 0, 0,
    0, 0, 0, 0, 0, 0, 0, 0,
    0, 0, 0, 0, 0, 0, 0, 0,
    0, 0, 0, 0, 0, 0, 0, 0,
    0, 0, 0, 0, 0, 0, 0, 0,
    0, 0, 0, 0, 0, 0, 0, 0,
    0, 0, 0, 0, 0, 0, 0, 0,
    0, 0, 0, 0, 0, 0, 0, 0,
    0, 0, 0, 0, 0, 0, 0, 0,
    0, 0, 0, 0, 0, 0, 0, 0,
    0, 0, 0
};

/*Map glyph_ids to kern right classes*/
static const uint8_t kern_right_class_mapping[] =
{
    0, 0, 1, 2, 0, 0, 0, 0,
    2, 0, 3, 4, 0, 5, 6, 7,
    8, 0, 0, 0, 0, 0, 0, 0,
    0, 0, 0, 9, 10, 0, 0, 0,
    11, 0, 12, 0, 13, 0, 0, 0,
    13, 0, 0, 14, 0, 0, 0, 0,
    13, 0, 13, 0, 15, 16, 17, 18,
    19, 20, 21, 22, 0, 23, 3, 0,
    0, 0, 24, 0, 25, 25, 25, 26,
    27, 0, 28, 29, 0, 0, 30, 30,
    25, 30, 25, 30, 31, 32, 33, 34,
    35, 36, 37, 38, 0, 0, 3, 0,
    0, 0, 0, 0, 0, 0, 0, 0,
    0, 0, 0, 0, 0, 0, 0, 0,
    0, 0, 0, 0, 0, 0, 0, 0,
    0, 0, 0, 0, 0, 0, 0, 0,
    0, 0, 0, 0, 0, 0, 0, 0,
    0, 0, 0, 0, 0, 0, 0, 0,
    0, 0, 0, 0, 0, 0, 0, 0,
    0, 0, 0, 0, 0, 0, 0, 0,
    0, 0, 0, 0, 0, 0, 0, 0,
    0, 0, 0, 0, 0, 0, 0, 0,
    0, 0, 0, 0, 0, 0, 0, 0,
    0, 0, 0, 0, 0, 0, 0, 0,
    0, 0, 0, 0, 0, 0, 0, 0,
    0, 0, 0
};

/*Kern values between classes*/
static const int8_t kern_class_values[] =
{
    0, 0, 0, 0, -33, 0, -33, 0,
    0, 0, 0, -16, 0, -27, -3, 0,
    0, 0, 0, -3, 0, 0, 0, 0,
    -8, 0, 0, 0, 0, 0, -6, 0,
    0, 0, 0, 0, 0, 0, 0, 0,
    0, 0, 0, 0, 0, 0, 0, 0,
    0, 0, 0, -6, 0, 0, 0, 0,
    0, 0, 0, 0, 0, 0, 0, 0,
    0, 0, 23, 0, 0, 0, 0, 0,
    0, 0, 0, 0, 0, -27, 0, -39,
    0, 0, 0, 0, 0, 0, 0, 0,
    0, 0, 0, -28, -6, -19, -10, 0,
    -26, 0, 0, 0, -3, 0, 0, 0,
    7, 0, 0, -13, 0, -10, -6, 0,
    -6, 0, 0, 0, 0, 0, 0, 0,
    0, 0, 0, 0, 0, 0, 0, -6,
    -5, -14, 0, -5, -3, -8, -19, -6,
    0, 0, 0, 0, 0, 0, 0, 0,
    0, -7, 0, -2, 0, -4, 0, 0,
    0, 0, 0, 0, 0, 0, 0, 0,
    0, 0, 0, -12, -3, -23, 0, 0,
    0, 0, 0, 0, 0, 0, 0, -7,
    -9, 0, -3, 7, 7, 0, 0, 3,
    -6, 0, 0, 0, 0, 0, 0, 0,
    0, -14, 0, 0, 0, 0, 0, 0,
    0, 0, 0, 0, 0, 0, 0, 0,
    0, 0, -7, 0, 0, 0, 0, 0,
    0, 0, 1, 0, 0, 0, 0, 0,
    0, 0, 0, 0, 0, -16, 0, -27,
    0, 0, 0, 0, 0, 0, -7, -2,
    -3, 0, 0, -16, -4, -4, 0, 1,
    -4, -2, -12, 7, 0, -3, 0, 0,
    0, 0, 7, -4, -2, -2, -1, -1,
    -2, 0, 0, 0, 0, -9, 0, 0,
    0, 0, 0, 0, 0, 0, 0, -5,
    -4, -7, 0, -2, -1, -1, -4, -1,
    0, 0, 0, 0, 0, 0, 0, 0,
    0, -3, 0, -4, -3, -3, -4, 0,
    0, 0, 0, 0, 0, -7, 0, 0,
    0, 0, 0, 0, -8, -3, -7, -5,
    -4, -1, -1, -1, -2, -3, 0, 0,
    0, 0, -6, 0, 0, 0, 0, -8,
    -3, -4, -3, 0, -4, 0, 0, 0,
    0, -10, 0, 0, 0, -5, 0, 0,
    0, -3, 0, -11, 0, -7, 0, -3,
    -2, -5, -6, -6, 0, 0, 0, 0,
    0, 0, 0, 0, 0, 0, 0, 0,
    0, -4, 0, -2, 0, 0, 0, 0,
    0, 0, 0, 0, 0, 0, 0, 0,
    0, 0, 0, 0, 0, 0, 0, 0,
    0, 0, 0, 0, -3, 0, 0, 0,
    0, 0, 0, -7, 0, -3, 0, -9,
    -3, 0, 0, 0, 0, 0, -21, 0,
    -21, -20, 0, 0, 0, -11, -3, -40,
    -6, 0, 0, 1, 1, -7, 0, -9,
    0, -10, -4, 0, -7, 0, 0, -6,
    -6, -3, -5, -6, -5, -7, -5, -8,
    0, 0, 0, -8, 0, 0, 0, 0,
    0, 0, 0, -1, 0, 0, 0, -6,
    0, -4, -1, 0, 0, 0, 0, 0,
    0, 0, 0, 0, 0, 0, 0, 0,
    0, 0, 0, 0, 0, 0, 0, 0,
    0, 0, -7, 0, -7, 0, 0, 0,
    0, 0, 0, -12, 0, 0, 0, 0,
    0, 0, 0, 0, 0, 0, 0, 0,
    0, 0, 0, 0, 0, 0, 0, 0,
    0, 0, 0, 0, 0, -6, 0, -12,
    0, -8, 0, 0, 0, 0, -2, -3,
    -6, 0, -3, -5, -4, -4, -3, 0,
    -5, 0, 0, 0, -2, 0, 0, 0,
    -3, 0, 0, -9, -4, -6, -5, -5,
    -6, -4, 0, -25, 0, -44, 0, -15,
    0, 0, 0, 0, -9, 1, -7, 0,
    -6, -34, -8, -22, -16, 0, -22, 0,
    -23, 0, -3, -4, -1, 0, 0, 0,
    0, -6, -3, -10, -10, 0, -10, 0,
    0, 0, 0, 0, -32, -9, -32, -22,
    0, 0, 0, -14, 0, -42, -3, -7,
    0, 0, 0, -7, -3, -22, 0, -12,
    -7, 0, -9, 0, 0, 0, -3, 0,
    0, 0, 0, -4, 0, -6, 0, 0,
    0, -3, 0, -9, 0, 0, 0, 0,
    0, -1, 0, -5, -4, -4, 0, 2,
    2, -1, 0, -3, 0, -1, -3, 0,
    -1, 0, 0, 0, 0, 0, 0, 0,
    0, -2, 0, -2, 0, 0, 0, -5,
    0, 4, 0, 0, 0, 0, 0, 0,
    0, -4, -4, -6, 0, 0, 0, 0,
    -4, 0, 0, 0, 0, 0, 0, 0,
    0, 0, 0, -7, 0, 0, 0, 0,
    0, 0, 0, 0, 0, 0, -30, -21,
    -30, -26, -6, -6, 0, -12, -7, -36,
    -11, 0, 0, 0, 0, -6, -4, -15,
    0, -21, -19, -5, -21, 0, 0, -13,
    -17, -5, -13, -9, -10, -11, -9, -22,
    0, 0, 0, 0, -5, 0, -5, -9,
    0, 0, 0, -5, 0, -14, -3, 0,
    0, -1, 0, -3, -4, 0, 0, -1,
    0, 0, -3, 0, 0, 0, -1, 0,
    0, 0, 0, -2, 0, 0, 0, 0,
    0, 0, -19, -5, -19, -13, 0, 0,
    0, -4, -3, -21, -3, 0, -3, 3,
    0, 0, 0, -5, 0, -6, -4, 0,
    -6, 0, 0, -6, -4, 0, -9, -3,
    -3, -4, -3, -7, 0, 0, 0, 0,
    -10, -3, -10, -8, 0, 0, 0, 0,
    -2, -19, -2, 0, 0, 0, 0, 0,
    0, -2, 0, -5, 0, 0, -4, 0,
    0, 0, 0, 0, 0, 0, 0, 0,
    0, -3, 0, -3, 0, -3, 0, -8,
    0, 0, 0, 0, 0, 1, -5, 0,
    -4, -6, -3, 0, 0, 0, 0, 0,
    0, -3, -2, -5, 0, 0, 0, 0,
    0, -5, -3, -5, -4, -3, -5, -4,
    0, 0, 0, 0, -26, -19, -26, -19,
    -7, -7, -2, -4, -4, -29, -5, -4,
    -3, 0, 0, 0, 0, -7, 0, -19,
    -12, 0, -17, 0, 0, -12, -12, -8,
    -10, -4, -7, -10, -4, -14, 0, 0,
    0, 0, 0, -10, 0, 0, 0, 0,
    0, -2, -6, -9, -9, 0, -3, -2,
    -2, 0, -4, -5, 0, -5, -6, -6,
    -4, 0, 0, 0, 0, -4, -7, -5,
    -5, -7, -5, 0, 0, 0, 0, 0,
    0, 0, 0, 0, 0, 0, 0, 0,
    0, 0, 0, -25, -8, -15, -8, 0,
    -21, 0, 0, 0, 0, 0, 9, 0,
    21, 0, 0, 0, 0, -6, -3, 0,
    4, 0, 0, 0, 0, -15, 0, 0,
    0, 0, 0, 0, -4, 0, 0, 0,
    0, -7, 0, -5, -1, 0, -7, 0,
    0, 0, 0, 0, 0, 0, 0, 0,
    0, -4, 0, 0, 0, 0, 0, 0,
    0, -8, 0, -7, -3, 2, -3, 0,
    0, 0, -4, 0, 0, 0, 0, -16,
    0, -5, 0, -1, -13, 0, -7, -4,
    0, 0, 0, 0, 0, 0, 0, -5,
    0, -1, -1, -5, -1, -2, 0, 0,
    0, 0, 0, -6, 0, 0, 0, 0,
    0, 0, 0, 0, 0, -6, 0, -4,
    0, 0, -7, 0, 0, -3, -6, 0,
    -3, 0, 0, 0, 0, -3, 0, 2,
    2, 2, 2, 0, 0, 0, 0, -10,
    0, 3, 0, 0, 0, 0, -2, 0,
    0, -6, -6, -7, 0, -5, -3, 0,
    -7, 0, -6, -4, 0, 0, -3, 0,
    0, 0, 0, -3, 0, 1, 1, -2,
    1, 0, 4, 12, 14, 0, -14, -4,
    -14, -4, 0, 0, 7, 0, 0, 0,
    0, 13, 0, 19, 13, 9, 17, 0,
    18, -6, -3, 0, -4, 0, -3, 0,
    -1, 0, 0, 4, 0, -1, 0, -4,
    0, 0, 4, -9, 0, 0, 0, 14,
    0, 0, -10, 0, 0, 0, 0, -7,
    0, 0, 0, 0, -4, 0, 0, -5,
    -4, 0, 0, 0, 10, 0, 0, 0,
    0, -1, -1, 0, 4, -4, 0, 0,
    0, -10, 0, 0, 0, 0, 0, 0,
    -2, 0, 0, 0, 0, -7, 0, -3,
    0, 0, -5, 0, 0, 0, 0, 0,
    0, 0, 0, 0, 0, 0, 0, 0,
    0, 0, 0, 0, 0, 0, 0, -6,
    4, -13, 4, 0, 4, 4, -4, 0,
    0, 0, 0, -10, 0, 0, 0, 0,
    -3, 0, 0, -3, -5, 0, -3, 0,
    -3, 0, 0, -6, -4, 0, 0, -2,
    0, -2, 0, 0, 0, 0, 0, 0,
    0, 0, 0, 0, 0, 0, 0, 0,
    0, 0, 0, 0, 0, 0, 0, 0,
    0, 0, 0, 0, 0, 0, 2, 0,
    0, 0, 0, 0, 0, 0, 0, 0,
    0, 0, 0, -7, 0, 0, 0, 0,
    0, 0, 0, 0, 0, 0, 0, -6,
    0, -4, 0, 0, -9, 0, 0, 0,
    0, 0, 0, 0, 0, 0, 0, 0,
    0, 0, 0, 0, 0, 0, 0, 0,
    0, 0, -16, -7, -16, -10, 7, 7,
    0, -4, 0, -16, 0, 0, 0, 0,
    0, 0, 0, -3, 4, -7, -3, 0,
    -3, 0, 0, 0, -1, 0, 0, 7,
    5, 0, 7, -1, 0, 0, 0, -14,
    0, 3, 0, 0, 0, 0, -3, 0,
    0, 0, 0, -7, 0, -3, 0, 0,
    -6, 0, 0, 0, 0, 0, 0, 0,
    0, 0, 0, -6, 0, 0, 0, 0,
    0, 0, 0, 0, 0, 0, 2, -7,
    2, 3, 4, 4, -7, 0, 0, 0,
    0, -4, 0, 0, 0, 0, -1, 0,
    0, -6, -4, 0, -3, 0, 0, 0,
    -3, -6, 0, 0, 0, -5, 0, 0,
    0, 0, 0, -3, -10, -2, -10, -6,
    0, 0, 0, -3, 0, -12, 0, -6,
    0, -3, 0, 0, -4, -3, 0, -6,
    -1, 0, 0, 0, -3, 0, 0, 0,
    0, 0, 0, 0, 0, -7, 0, 0,
    0, -3, -12, 0, -12, -2, 0, 0,
    0, -1, 0, -9, 0, -7, 0, -3,
    0, -4, -7, 0, 0, -3, -1, 0,
    0, 0, -3, 0, 0, 0, 0, 0,
    0, 0, 0, -5, -4, 0, 0, -6,
    2, -4, -2, 0, 0, 2, 0, 0,
    -3, 0, -1, -9, 0, -4, 0, -3,
    -10, 0, 0, -3, -5, 0, 0, 0,
    0, 0, 0, -7, 0, 0, 0, 0,
    0, 0, 0, 0, 0, 0, -10, 0,
    -10, -4, 0, 0, 0, 0, 0, -12,
    0, -6, 0, -1, 0, -1, -2, 0,
    0, -6, -1, 0, 0, 0, -3, 0,
    0, 0, 0, 0, 0, -4, 0, -7,
    0, 0, 0, 0, 0, -5, 0, 0,
    0, 0, 0, 0, 0, 0, 0, -7,
    0, 0, 0, 0, -8, 0, 0, -7,
    -3, 0, -2, 0, 0, 0, 0, 0,
    -3, -1, 0, 0, -1, 0
};


/*Collect the kern class' data in one place*/
static const lv_font_fmt_txt_kern_classes_t kern_classes =
{
    .class_pair_values   = kern_class_values,
    .left_class_mapping  = kern_left_class_mapping,
    .right_class_mapping = kern_right_class_mapping,
    .left_class_cnt      = 45,
    .right_class_cnt     = 38,
};

/*--------------------
 *  ALL CUSTOM DATA
 *--------------------*/

#if LVGL_VERSION_MAJOR == 8
/*Store all the custom data of the font*/
static  lv_font_fmt_txt_glyph_cache_t cache;
#endif

#if LVGL_VERSION_MAJOR >= 8
static const lv_font_fmt_txt_dsc_t font_dsc = {
#else
static lv_font_fmt_txt_dsc_t font_dsc = {
#endif
    .glyph_bitmap = glyph_bitmap,
    .glyph_dsc = glyph_dsc,
    .cmaps = cmaps,
    .kern_dsc = &kern_classes,
    .kern_scale = 16,
    .cmap_num = 2,
    .bpp = 4,
    .kern_classes = 1,
    .bitmap_format = 1,
#if LVGL_VERSION_MAJOR == 8
    .cache = &cache
#endif
};



/*-----------------
 *  PUBLIC FONT
 *----------------*/

/*Initialize a public general font descriptor*/
#if LVGL_VERSION_MAJOR >= 8
const lv_font_t ui_font_Chinese16 = {
#else
lv_font_t ui_font_Chinese16 = {
#endif
    .get_glyph_dsc = lv_font_get_glyph_dsc_fmt_txt,    /*Function pointer to get glyph's data*/
    .get_glyph_bitmap = lv_font_get_bitmap_fmt_txt,    /*Function pointer to get glyph's bitmap*/
    .line_height = 20,          /*The maximum line height required by the font*/
    .base_line = 5,             /*Baseline measured from the bottom of the line*/
#if !(LVGL_VERSION_MAJOR == 6 && LVGL_VERSION_MINOR == 0)
    .subpx = LV_FONT_SUBPX_NONE,
#endif
#if LV_VERSION_CHECK(7, 4, 0) || LVGL_VERSION_MAJOR >= 8
    .underline_position = -2,
    .underline_thickness = 1,
#endif
    .dsc = &font_dsc,          /*The custom font data. Will be accessed by `get_glyph_bitmap/dsc` */
#if LV_VERSION_CHECK(8, 2, 0) || LVGL_VERSION_MAJOR >= 9
    .fallback = NULL,
#endif
    .user_data = NULL,
};



#endif /*#if UI_FONT_CHINESE16*/
